ts,rg1,rg2,rg1tt,rg2tt,rg1tp,rg2tp,temp_bmx,press_bmx,temp_mcp,temp_sht,humidity_sht,si1145_vis,si1145_ir,si1145_uv,wind_spd,wind_dir,wind_gust,wind_gust_dir,heat_idx,wet_bulb_temp,wet_bulb_globe_temp
2026-08-28T00:00:25Z,0,0,0,0,0,0,12.2,852.1,12.5,12.6,86.7,261,253,0,0,159,0,0,12.4,11.2,8.1
2026-08-28T00:15:54Z,0,0,0,0,0,0,12.3,852.1,12.8,12.8,86.6,262,253,0,0,159,0,0,12.6,11.4,8.4
2026-08-28T00:31:03Z,0,0,0,0,0,0,12.5,852.2,12.8,13,85.7,259,253,0,0,159,0,0,12.8,11.4,8.5
2026-08-28T00:46:12Z,0,0,0,0,0,0,12.3,852.1,12.6,12.8,86.5,260,253,0,0,159,0,0,12.6,11.3,8.4
2026-08-28T01:01:21Z,0,0,0,0,0,0,12.1,852.3,12.4,12.6,86.9,261,254,0,0,159,0,0,12.4,11.1,8.1
2026-08-28T01:16:30Z,0,0,0,0,0,0,12.1,852.3,12.4,12.7,87.4,261,253,0,0,159,0,0,12.5,11.3,8.2
2026-08-28T01:31:56Z,0,0,0,0,0,0,12.1,852.3,12.6,12.7,87.9,261,253,0,0,159,0,0,12.5,11.3,8.2
2026-08-28T01:47:06Z,0,0,0,0,0,0,12.3,852.5,12.8,12.9,88,261,253,0,0,159,0,0,12.7,11.5,8.4
2026-08-28T02:02:15Z,0,0,0,0,0,0,12.6,852.6,13,13.2,87.3,259,254,0,0,159,0,0,13,11.8,8.7
2026-08-28T02:17:24Z,0,0,0,0,0,0,13.2,852.8,13.6,13.8,87.4,260,252,0,0,159,0,0,13.7,12.4,9.4
2026-08-28T02:32:33Z,0,0,0,0,0,0,14.1,852.8,14.4,14.6,87.3,259,253,0,0,159,0,0,14.5,13.2,10.3
2026-08-28T02:47:59Z,0,0,0,0,0,0,14.8,852.8,15.1,15.2,85.1,260,255,0,0,159,0,0,15.1,13.5,10.9
2026-08-28T03:03:08Z,0,0,0,0,0,0,14.9,853,15.2,15.3,85,261,252,0,0,159,0,0,15.2,13.5,11
2026-08-28T03:18:17Z,0,0,0,0,0,0,14.8,853.2,15.1,15.2,84.5,261,255,0,0.5,159,1.1,1.1,15.1,13.4,10.9
2026-08-28T03:33:25Z,0,0,0,0,0,0,14.7,853.5,15,15.1,84.8,263,274,0,0,159,0,0,15,13.4,10.8
2026-08-28T03:48:34Z,0,0,0,0.1,0,0,14.6,853.4,14.9,15.1,84.9,275,404,0,0,159,0,0,14.9,13.3,10.8
2026-08-28T04:04:03Z,0,0,0,0.2,0,0,14.5,853.6,14.9,14.9,84.9,284,491,0,0,159,0,0,14.8,13.2,10.6
2026-08-28T04:19:12Z,0,0,0,0.2,0,0,14.6,853.6,14.8,14.9,85.3,295,607,0,0,159,0,0,14.8,13.2,10.6
2026-08-28T04:34:21Z,0,0,0,0.3,0,0,14.9,854.1,15.2,15.2,85.4,315,836,0,0,159,0.2,0.2,15.1,13.5,10.9
2026-08-28T04:49:31Z,0,0,0,0.5,0,0,15.5,854.2,15.8,15.8,84.6,353,1284,0,0,159,0.2,0.2,15.7,14,11.5
2026-08-28T05:04:41Z,0,0,0,0.7,0,0,16.3,854.5,16.3,16.5,82.2,382,1628,0,0,159,0,0,16.4,14.4,12.2
2026-08-28T05:20:06Z,0,0,0,1.1,0,0,18.5,854.7,18.6,18.1,75.8,467,2657,0,0.5,159,1.1,1.1,18,15.2,13.7
2026-08-28T05:35:14Z,0,0,0,1.4,0,0,18.8,854.9,19.1,18.1,74.8,519,3214,0,0.2,159,0.9,0.9,18,15.1,13.8
2026-08-28T05:50:23Z,0,0,0,2,0,0,22.6,855.1,22.4,21.9,60.5,632,4611,0,0.6,158,1.7,1.7,21.8,16.8,17.1
2026-08-28T06:05:44Z,0,0,0,2.3,0,0,19.8,855.3,20.1,20.4,60.1,693,5436,0,0.3,139,1.3,1.3,20.2,15.4,15.8
2026-08-28T06:21:08Z,0,0,0,2.3,0,0,20.2,855.3,20.7,20.4,58.7,692,5208,0,0.2,169,1.3,1.3,20.2,15.2,15.7
2026-08-28T06:36:17Z,0,0,0,2.6,0,0,19.2,855.5,19.7,19.9,58.8,735,5746,0,0.7,113,2.8,2.8,19.6,14.7,15.2
2026-08-28T06:51:27Z,0,0,0,2.6,0,0,20.3,855.5,20.9,20.7,57.5,748,5754,0,0.1,158,0.7,0.7,20.5,15.3,16
2026-08-28T07:06:35Z,0,0,0,3.2,0,0,22.3,855.4,22.4,22.8,51.7,845,6858,0,0.8,71,1.3,1.3,22.6,16.4,17.8
2026-08-28T07:21:44Z,0,0,0,3.4,0,0,22.1,855.3,22.8,22.7,48.9,887,7341,0,0.2,157,0.7,0.7,22.5,15.8,17.7
2026-08-28T07:37:10Z,0,0,0,3.4,0,0,21.9,855.3,22.6,22.6,48.4,892,7378,0,0.5,77,0.9,0.9,22.3,15.7,17.6
2026-08-28T07:52:18Z,0,0,0,3.4,0,0,20.9,855.5,21.9,21.6,50.1,888,7294,0,1.5,177,2.2,2.2,21.4,15.1,16.8
2026-08-28T08:07:26Z,0,0,0,3.5,0,0,22.6,855.2,22.8,23.1,47.3,910,7480,0,1.7,76,2.2,2.2,22.9,16,18.1
2026-08-28T08:23:18Z,0,0,0,3.6,0,0,22.6,855.1,23.1,23,45.9,926,7663,0,0.5,131,1.5,1.5,22.8,15.7,18
2026-08-28T08:38:25Z,0,0,0,3.7,0,0,22.9,854.8,22.9,23.4,45.1,954,7947,0,0.6,121,1.3,1.3,23.2,15.9,18.3
2026-08-28T08:53:33Z,0,0,0,3.6,0,0,23.3,854.5,23.8,23.8,44.8,936,7739,0,0.4,142,2.2,2.2,23.6,16.2,18.6
2026-08-28T09:08:42Z,0,0,0,3.6,0,0,22.9,854.2,23.3,23.5,44.3,933,7717,0,0.5,187,1.5,1.5,23.3,15.9,18.4
2026-08-28T09:23:50Z,0,0,0,3.7,0,0,23.4,853.9,23.9,23.6,42.4,942,7805,0,0.8,250,1.7,1.7,23.3,15.6,18.4
2026-08-28T09:39:15Z,0,0,0,3.6,0,0,22.9,853.6,23.4,23,43.2,932,7715,0,1.2,172,2,2,22.8,15.3,18
2026-08-28T09:54:23Z,0,0,0,3.6,0,0,24.3,853.3,24.6,24.2,39,930,7652,0,0.1,271,0.7,0.7,24,15.6,18.9
2026-08-28T10:09:31Z,0,0,0,3.6,0,0,24.4,853.1,24.8,25,37.4,936,7703,0,0.8,100,1.7,1.7,24.8,15.9,19.6
2026-08-28T10:24:39Z,0,0,0,3.5,0,0,24.4,852.8,24.8,25.1,37.5,920,7522,0,0.6,92,1.7,1.7,24.9,16.1,19.7
2026-08-28T10:39:48Z,0,0,0,3.5,0,0,24.9,852.5,25.2,25.7,36.2,908,7403,0,0.8,128,2.6,2.6,25.5,16.3,20.1
2026-08-28T10:54:56Z,0,0,0,3.3,0,0,25.5,852.1,25.8,25.7,34.5,881,7110,0,0.6,226,1.1,1.1,25.5,16,20.1
2026-08-28T11:10:18Z,0,0,0,3.2,0,0,25.6,851.8,25.7,26.2,34.6,858,6859,0,0.2,144,0.7,0.7,26,16.4,20.5
2026-08-28T11:25:26Z,0,0,0,3.1,0,0,25.1,851.7,25.3,25.9,34,830,6522,0,1.9,174,3.9,3.9,25.6,16,20.3
2026-08-28T11:40:34Z,0,0,0,2.9,0,0,25.3,851.5,25.8,26.2,35.4,794,6144,0,0.7,177,1.5,1.5,26,16.5,20.5
2026-08-28T11:55:43Z,0,0,0,2.7,0,0,25.4,851.3,25.8,25.9,34.9,760,5788,0,0.8,100,2,2,25.7,16.2,20.3
2026-08-28T12:11:27Z,0,0,0,2.5,0,0,26.4,851,26.6,27.3,32.9,718,5322,0,0.4,127,1.3,1.3,26.7,16.9,21.1
2026-08-28T12:26:35Z,0,0,0,2.3,0,0,25.9,850.8,26.2,27,33.7,683,4951,0,1.3,173,2.6,2.6,26.6,16.8,21
2026-08-28T12:41:43Z,0,0,0,2,0,0,25.6,850.8,26.1,26.3,33.6,636,4428,0,0.9,162,2,2,26.1,16.3,20.6
2026-08-28T12:56:52Z,0,0,0,1.8,0,0,25.9,850.7,26.4,26.8,34.4,592,3950,0,1,149,2.4,2.4,26.6,16.8,21
2026-08-28T13:12:00Z,0,0,0,1.6,0,0,25.6,850.7,26.1,26.5,35.3,554,3542,0,1.4,157,3.5,3.5,26.3,16.7,20.7
2026-08-28T13:27:29Z,0,0,0,1.4,0,0,25.5,850.6,26.1,26.6,34.6,510,3069,0,1.7,135,2.8,2.8,26.4,16.7,20.9
2026-08-28T13:42:38Z,0,0,0,1.1,0,0,25.3,850.6,25.8,26,36.1,464,2555,0,1.7,166,3.5,3.5,25.9,16.5,20.4
2026-08-28T13:57:46Z,0,0,0,0.9,0,0,25.2,850.6,25.8,26.1,36.8,423,2115,0,0.9,155,3.1,3.1,25.9,16.7,20.5
2026-08-28T14:12:55Z,0,0,0,0.6,0,0,24.9,850.8,25.2,25.9,37.7,370,1483,0,0.5,117,1.5,1.5,25.7,16.7,20.3
2026-08-28T14:28:19Z,0,0,0,0.3,0,0,24.4,850.9,24.7,25,38.8,308,714,0,0.7,194,1.7,1.7,24.8,16.2,19.6
2026-08-28T14:43:27Z,0,0,0,0.2,0,0,23.8,851,24.1,24.2,41,291,496,0,1.4,144,4.8,4.8,24,15.9,18.9
2026-08-28T14:58:35Z,0,0,0,0.2,0,0,23.3,851.3,23.5,23.7,42,284,437,0,0.6,182,2.2,2.2,23.4,15.6,18.5
2026-08-28T15:13:43Z,0,0,0,0.1,0,0,22.9,851.4,23.1,23.2,42.8,275,376,0,0.2,177,0.7,0.7,23,15.4,18.1
2026-08-28T15:28:51Z,0,0,0,0.1,0,0,22.4,851.5,22.6,22.8,44.3,266,304,0,0.8,98,2,2,22.5,15.2,17.7
2026-08-28T15:43:59Z,0,0,0,0,0,0,21.9,851.7,22.1,22.3,45.2,262,262,0,0.5,127,1.5,1.5,22,15,17.3
2026-08-28T15:59:23Z,0,0,0,0,0,0,21.5,851.9,21.7,21.9,46.7,261,254,0,1.2,107,3.5,3.5,21.6,14.9,17
2026-08-28T16:14:31Z,0,0,0,0,0,0,21.2,852.1,21.3,21.5,48.2,261,253,0,1.1,156,14.8,14.8,21.2,14.8,16.7
2026-08-28T16:29:39Z,0,0,0,0,0,0,20.9,852.3,21,21.2,49.3,260,254,0,0.1,170,0.4,0.4,21,14.7,16.4
2026-08-28T16:44:48Z,0,0,0,0,0,0,20.5,852.4,20.7,20.9,50.3,261,253,0,0.8,182,2.2,2.2,20.6,14.5,16.1
2026-08-28T16:59:57Z,0,0,0,0,0,0,20,852.5,20.2,20.5,51.6,259,253,0,0.1,199,0.4,0.4,20.2,14.3,15.7
2026-08-28T17:15:25Z,0,0,0,0,0,0,19.8,852.5,20,20.2,52,259,254,0,0,159,0,0,19.9,14.1,15.5
2026-08-28T17:30:34Z,0,0,0,0,0,0,19.5,852.7,19.7,19.9,52.6,261,254,0,0.1,150,0.4,0.4,19.6,14,15.2
2026-08-28T17:45:43Z,0,0,0,0,0,0,19.3,852.8,19.4,19.6,53.4,261,254,0,0.2,153,0.7,0.7,19.3,13.8,14.9
2026-08-28T18:00:52Z,0,0,0,0,0,0,19,853,19.1,19.4,54.2,260,253,0,0.5,163,1.3,1.3,19.1,13.7,14.7
2026-08-28T18:16:01Z,0,0,0,0,0,0,18.7,853.2,18.9,19.1,55.1,261,254,0,0.3,163,1.3,1.3,18.8,13.6,14.5
2026-08-28T18:31:28Z,0,0,0,0,0,0,18.6,853.3,18.8,19,56,262,254,0,0.1,115,0.4,0.4,18.7,13.6,14.4
2026-08-28T18:46:38Z,0,0,0,0,0,0,18.6,853.4,18.8,19,56.6,260,253,0,0.1,160,0.4,0.4,18.7,13.7,14.4
2026-08-28T19:01:47Z,0,0,0,0,0,0,18.3,853.6,18.4,18.7,57.9,260,254,0,0,161,0,0,18.4,13.6,14.1
2026-08-28T19:16:56Z,0,0,0,0,0,0,17.8,853.8,18,18.3,59.5,260,254,0,0.3,160,1.1,1.1,18,13.4,13.7
2026-08-28T19:32:05Z,0,0,0,0,0,0,17.7,853.9,17.9,18,63,259,253,0,0.2,144,0.7,0.7,17.8,13.6,13.5
2026-08-28T19:47:31Z,0,0,0,0,0,0,17.7,853.8,17.9,18.1,66.3,260,253,0,0.1,183,0.4,0.4,17.9,14,13.6
2026-08-28T20:02:39Z,0,0,0,0,0,0,17.6,853.8,17.8,18,69,260,253,0,0.8,188,1.5,1.5,17.8,14.3,13.5
2026-08-28T20:17:48Z,0,0,0,0,0,0,17.2,853.9,17.3,17.6,69.2,260,253,0,0.3,162,1.5,1.5,17.4,14,13.2
2026-08-28T20:32:56Z,0,0,0,0,0,0,16.9,853.9,17.1,17.3,70.7,261,253,0,0.3,167,1.1,1.1,17.1,13.9,12.9
2026-08-28T20:48:06Z,0,0,0,0,0,0,16.7,853.9,16.9,17.1,72.1,261,252,0,0.1,121,0.8,0.8,17,13.9,12.7
2026-08-28T21:03:34Z,0,0,0,0,0,0,16.6,853.9,16.8,17.1,73.1,261,253,0,0.5,121,1.3,1.3,16.9,13.9,12.7
2026-08-28T21:18:42Z,0,0,0,0,0,0,16.6,853.8,16.8,17,73.9,260,254,0,0.4,153,1.7,1.7,16.9,14,12.6
2026-08-28T21:33:51Z,0,0,0,0,0,0,16.4,853.8,16.6,16.9,74.9,260,253,0,0.8,147,1.7,1.7,16.7,13.9,12.5
2026-08-28T21:49:00Z,0,0,0,0,0,0,16.3,853.7,16.5,16.8,75.4,261,253,0,0.2,153,0.9,0.9,16.6,13.9,12.4
2026-08-28T22:04:08Z,0,0,0,0,0,0,16.2,853.6,16.3,16.6,75.5,260,252,0,0.2,120,0.7,0.7,16.5,13.8,12.3
2026-08-28T22:19:16Z,0,0,0,0,0,0,15.9,853.6,16.2,16.4,75.3,261,254,0,0.1,101,0.4,0.4,16.2,13.5,12
2026-08-28T22:34:38Z,0,0,0,0,0,0,15.6,853.4,16.1,16.1,76,260,254,0,0.3,133,0.7,0.7,15.9,13.3,11.7
2026-08-28T22:49:47Z,0,0,0,0,0,0,15.3,853.2,15.7,15.8,76.9,260,253,0,0,100,0,0,15.6,13.1,11.4
2026-08-28T23:04:55Z,0,0,0,0,0,0,15,853.1,15.4,15.5,78,260,254,0,0.4,67,0.9,0.9,15.3,13,11.1
2026-08-28T23:20:04Z,0,0,0,0,0,0,14.6,853,14.9,15.1,79,261,255,0,0,12,0,0,14.9,12.7,10.7
2026-08-28T23:35:12Z,0,0,0,0,0,0,14.3,852.9,14.7,14.8,80.3,261,254,0,0.1,100,0.2,0.2,14.6,12.5,10.4
2026-08-28T23:50:41Z,0,0,0,0,0,0,14.4,852.9,14.8,14.8,80.5,260,255,0,0,75,0,0,14.6,12.6,10.4
2026-08-29T00:00:47Z,0,0,0,0,0,0,14.5,852.6,14.9,14.9,79.9,260,252,0,0,42,0.2,0.2,14.8,12.7,10.6
2026-08-29T00:15:55Z,0,0,0,0,0,0,14.3,852.4,14.6,14.8,80,262,252,0,0,64,0.2,0.2,14.6,12.5,10.4
2026-08-29T00:31:04Z,0,0,0,0,0,0,14,852.4,14.3,14.4,80.9,260,253,0,0.9,78,1.3,1.3,14.3,12.3,10.1
2026-08-29T00:46:13Z,0,0,0,0,0,0,13.8,852.4,14.1,14.2,81.4,260,253,0,0,102,0,0,14.1,12.2,9.8
2026-08-29T01:01:41Z,0,0,0,0,0,0,13.8,852.6,14.1,14.2,81.6,261,254,0,0.1,106,0.4,0.4,14,12.1,9.8
2026-08-29T01:16:50Z,0,0,0,0,0,0,14,852.6,14.4,14.4,80.1,261,254,0,0.2,81,0.7,0.7,14.2,12.2,10
2026-08-29T01:31:59Z,0,0,0,0,0,0,14.2,852.6,14.6,14.6,77.9,260,254,0,0.1,84,0.2,0.2,14.4,12.1,10.2
2026-08-29T01:47:08Z,0,0,0,0,0,0,14.3,852.8,14.7,14.8,77.1,259,254,0,0.3,93,1,1,14.6,12.2,10.4
2026-08-29T02:02:16Z,0,0,0,0,0,0,14.3,853,14.6,14.7,78,260,255,0,1.1,83,1.5,1.5,14.5,12.2,10.3
2026-08-29T02:17:45Z,0,0,0,0,0,0,14.3,853.2,14.7,14.8,76.8,260,253,0,0.2,93,0.7,0.7,14.5,12.2,10.3
2026-08-29T02:32:53Z,0,0,0,0,0,0,14.3,853.4,14.6,14.8,77.5,260,253,0,0.6,93,1.1,1.1,14.5,12.2,10.3
2026-08-29T02:48:02Z,0,0,0,0,0,0,14.3,853.4,14.6,14.8,75.9,261,252,0,0.7,82,1.1,1.1,14.5,12.1,10.3
2026-08-29T03:03:10Z,0,0,0,0,0,0,14.3,853.6,14.6,14.8,75,260,254,0,0.1,119,0.6,0.6,14.5,12,10.3
2026-08-29T03:18:18Z,0,0,0,0,0,0,14.2,853.8,14.4,14.7,74.9,261,255,0,0,95,0,0,14.4,11.8,10.2
2026-08-29T03:33:27Z,0,0,0,0,0,0,14.1,854,14.4,14.6,74.7,264,296,0,0,106,0,0,14.3,11.7,10.1
2026-08-29T03:48:48Z,0,0,0,0.1,0,0,14.1,854.1,14.4,14.5,74.7,275,410,0,0,95,0,0,14.3,11.7,10.1
2026-08-29T04:03:57Z,0,0,0,0.2,0,0,14.1,854.2,14.4,14.5,74.5,286,575,0,0,96,0,0,14.2,11.6,10
2026-08-29T04:19:06Z,0,0,0,0.3,0,0,14.8,854.4,15.1,15,73.3,313,867,0,0.3,95,0.7,0.7,14.7,12,10.5
2026-08-29T04:34:15Z,0,0,0,0.3,0,0,15.1,854.7,15.4,15.4,72.2,308,664,0,0.1,95,0.4,0.4,15.1,12.2,10.9
2026-08-29T04:50:03Z,0,0,0,0.4,0,0,15.5,855,15.8,15.6,72.4,337,1023,0,0,329,0,0,15.3,12.4,11.1
2026-08-29T05:05:32Z,0,0,0,0.7,0,0,17.3,855.3,17.2,16.7,69.8,383,1620,0,0.4,73,1.7,1.7,16.5,13.2,12.3
2026-08-29T05:20:41Z,0,0,0,0.6,0,0,18.1,855.5,17.8,17.5,67.5,377,1513,0,0,71,0.2,0.2,17.3,13.7,13.1
2026-08-29T05:35:51Z,0,0,0,1,0,0,16.7,855.8,16.9,16.7,69.8,441,2341,0,0.4,140,0.7,0.7,16.4,13.2,12.2
2026-08-29T05:51:00Z,0,0,0,1.7,0,0,17.5,856,18,17.8,66.9,575,4057,0,0.1,140,0.7,0.7,17.6,13.9,13.3
2026-08-29T06:06:09Z,0,0,0,0.9,0,0,18,856.1,18.4,17.9,66,435,2132,0,0.8,198,1.3,1.3,17.6,13.8,13.4
2026-08-29T06:21:30Z,0,0,0,2.4,0,0,19.8,856,20.2,19.6,62.2,698,5306,0,1,216,1.5,1.5,19.4,14.9,15.1
2026-08-29T06:36:39Z,0,0,0,2.6,0,0,19.3,856,19.7,19.2,61.4,736,5767,0,0.8,259,1.7,1.7,19,14.5,14.6
2026-08-29T06:51:48Z,0,0,0,0.8,0,0,20,856.1,20.5,19.8,57.6,405,1790,0,0.8,237,1.7,1.7,19.6,14.6,15.2
2026-08-29T07:07:41Z,0,0,0,2.6,0,0,19.7,856,20,19.7,58,749,5928,0,1.8,248,3.3,3.3,19.4,14.5,15.1
2026-08-29T07:22:48Z,0,0,0,3.2,0,0,19.5,855.8,20,19.5,57.7,846,7028,0,1.7,248,2.6,2.6,19.3,14.3,14.9
2026-08-29T07:37:57Z,0,0,0,2.9,0,0,19.7,855.9,20.2,20,55.2,792,6411,0,0.1,168,0.5,0.5,19.8,14.4,15.3
2026-08-29T07:53:06Z,0,0,0,0.9,0,0,21,855.6,21.4,20.7,52,422,1832,0,0.8,242,1.9,1.9,20.5,14.6,16
2026-08-29T08:08:14Z,0,0,0,3.4,0,0,21.2,855.5,21.6,21.2,48.6,896,7378,0,1,199,1.7,1.7,21,14.6,16.4
2026-08-29T08:23:35Z,0,0,0,3.4,0,0,21.7,855.3,21.8,21.4,43.9,898,7381,0,1.8,263,4.1,4.1,21.1,14,16.5
2026-08-29T08:38:44Z,0,0,0,3.6,0,0,22.2,855.2,22.8,22.8,42.8,935,7753,0,1.2,162,3.3,3.3,22.6,15.1,17.8
2026-08-29T08:53:53Z,0,0,0,1.4,0,0,23.4,854.9,23.8,23.6,40.5,522,2794,0,1.4,238,2.4,2.4,23.4,15.4,18.5
2026-08-29T09:09:02Z,0,0,0,3.7,0,0,22.9,854.7,23.6,23.5,39.7,949,7918,0,2.4,169,3.9,3.9,23.2,15.1,18.3
2026-08-29T09:24:11Z,0,0,0,3.9,0,0,23.9,854.4,24.1,24.1,40.5,979,8243,0,0.4,170,1.3,1.3,23.9,15.8,18.9
2026-08-29T09:39:39Z,0,0,0,3.8,0,0,24.4,854,24.9,24.8,37.3,961,8000,0,0.6,156,2,2,24.5,15.7,19.4
2026-08-29T09:54:47Z,0,0,0,3.7,0,0,23.6,853.8,23.9,23.5,39.4,946,7873,0,1.3,272,2.6,2.6,23.2,15.1,18.4
2026-08-29T10:09:55Z,0,0,0,3.6,0,0,23.3,853.4,23.9,24,38.1,926,7648,0,1,172,2.4,2.4,23.7,15.2,18.7
2026-08-29T10:25:03Z,0,0,0,3.5,0,0,24.6,853,24.6,25.3,36.5,903,7397,0,1.2,118,2.8,2.8,25.1,16,19.8
2026-08-29T10:40:11Z,0,0,0,3.4,0,0,24.9,852.8,25.1,25.6,35.7,897,7315,0,2.3,77,3.7,3.7,25.4,16.1,20
2026-08-29T10:55:20Z,0,0,0,3.3,0,0,25.7,852.6,26,26.4,34,879,7086,0,1.2,130,2.2,2.2,26.2,16.4,20.7
2026-08-29T11:10:43Z,0,0,0,3.2,0,0,25.2,852.3,25.5,25.9,33,857,6865,0,1.5,72,2.6,2.6,25.7,15.9,20.3
2026-08-29T11:25:51Z,0,0,0,3,0,0,26.2,852.1,26.4,27.4,31.1,826,6529,0,0.9,73,2.6,2.6,26.7,16.6,21.1
2026-08-29T11:40:59Z,0,0,0,2.9,0,0,25.2,851.8,25.4,26.2,33.8,789,6123,0,1,78,3.1,3.1,26,16.3,20.5
2026-08-29T11:56:08Z,0,0,0,2.7,0,0,25.9,851.7,25.8,26.7,33.4,752,5756,0,1.5,76,2.2,2.2,26.5,16.5,20.9
2026-08-29T12:11:51Z,0,0,0,0.6,0,0,25.5,851.4,25.9,26.3,34.8,373,1318,0,1.4,166,3.3,3.3,26.1,16.5,20.6
2026-08-29T12:26:59Z,0,0,0,2.5,0,0,25.1,851.2,25.5,25.7,36.1,721,5424,0,0.5,122,1.1,1.1,25.5,16.3,20.2
2026-08-29T12:42:07Z,0,0,0,2.3,0,0,25.6,851.2,25.9,26.4,35.2,683,5058,0,0.2,125,0.7,0.7,26.2,16.7,20.7
2026-08-29T12:57:16Z,0,0,0,2,0,0,25.7,851,26.1,26.7,34.4,630,4420,0,0.9,88,1.7,1.7,26.5,16.7,20.9
2026-08-29T13:12:25Z,0,0,0,1.6,0,0,25.6,850.9,26.1,26.6,34.9,549,3527,0,0.8,90,2,2,26.4,16.7,20.8
2026-08-29T13:27:54Z,0,0,0,0.6,0,0,25,850.9,25.4,25.8,36.5,371,1349,0,0.9,69,2.4,2.4,25.6,16.4,20.3
2026-08-29T13:43:02Z,0,0,0,1.2,0,0,24.7,850.9,25.2,25.7,36.2,475,2711,0,1,89,2.8,2.8,25.5,16.3,20.2
2026-08-29T13:58:10Z,0,0,0,1,0,0,24.9,851,25.6,25.9,35.5,439,2335,0,0.4,171,2.4,2.4,25.7,16.3,20.3
2026-08-29T14:13:19Z,0,0,0,0.7,0,0,24.4,851.2,24.8,25.3,37.5,380,1654,0,1.3,110,3.1,3.1,25,16.2,19.8
2026-08-29T14:28:59Z,0,0,0,0.3,0,0,23.7,851.2,23.9,24.2,39.4,320,876,0,0.4,119,1.1,1.1,24,15.7,19
2026-08-29T14:44:08Z,0,0,0,0.2,0,0,23.5,851.4,23.6,23.9,40.1,293,517,0,0.6,117,1.8,1.8,23.6,15.5,18.7
2026-08-29T14:59:16Z,0,0,0,0.2,0,0,23,851.4,23.2,23.4,41.4,283,438,0,1,96,1.7,1.7,23.1,15.3,18.2
2026-08-29T15:14:25Z,0,0,0,0.1,0,0,22.6,851.5,22.8,23,43.4,274,363,0,1,124,2.2,2.2,22.7,15.3,17.9
2026-08-29T15:29:34Z,0,0,0,0,0,0,22.2,851.7,22.4,22.5,44.1,265,292,0,1.1,115,2.8,2.8,22.3,15,17.5
2026-08-29T15:44:55Z,0,0,0,0,0,0,21.8,851.8,22,22.2,45.5,260,258,0,0.3,113,1.1,1.1,21.9,14.9,17.2
2026-08-29T16:00:04Z,0,0,0,0,0,0,21.5,852,21.6,21.9,46,261,253,0,0.7,158,2,2,21.6,14.7,16.9
2026-08-29T16:15:12Z,0,0,0,0,0,0,21.1,852.2,21.3,21.5,47.5,261,254,0,1,146,3.5,3.5,21.3,14.7,16.7
2026-08-29T16:30:22Z,0,0,0,0,0,0,20.9,852.2,21.1,21.3,48.7,261,254,0,0.4,154,1.1,1.1,21,14.6,16.4
2026-08-29T16:45:30Z,0,0,0,0,0,0,20.8,852.4,21,21.2,49.1,260,253,0,0.3,179,1.1,1.1,20.9,14.6,16.3
2026-08-29T17:00:58Z,0,0,0,0,0,0,20.5,852.7,20.7,20.9,49.8,258,253,0,0.5,81,1.5,1.5,20.6,14.4,16.1
2026-08-29T17:16:07Z,0,0,0,0,0,0,20.1,852.9,20.2,20.5,51.8,260,254,0,0.6,144,2,2,20.2,14.4,15.8
2026-08-29T17:31:16Z,0,0,0,0,0,0,19.9,853,20.1,20.3,53,260,253,0,0.2,141,1.1,1.1,20,14.3,15.6
2026-08-29T17:46:24Z,0,0,0,0,0,0,19.7,853.3,19.8,20,53.6,261,253,0,0,112,0.2,0.2,19.8,14.2,15.4
2026-08-29T18:01:33Z,0,0,0,0,0,0,19.4,853.5,19.6,19.8,55.2,261,252,0,0.5,190,2,2,19.5,14.2,15.1
2026-08-29T18:17:01Z,0,0,0,0,0,0,19.1,853.7,19.3,19.5,56.2,260,253,0,0.4,118,1.5,1.5,19.2,14.1,14.9
2026-08-29T18:32:11Z,0,0,0,0,0,0,19,853.8,19.1,19.3,56.7,260,253,0,0,188,0,0,19.1,14,14.7
2026-08-29T18:47:20Z,0,0,0,0,0,0,18.8,854,18.9,19.1,57.2,261,254,0,0,113,0,0,18.9,13.9,14.5
2026-08-29T19:03:11Z,0,0,0,0,0,0,18.5,853.9,18.6,18.8,57.8,260,254,0,0.2,120,1.1,1.1,18.6,13.7,14.2
2026-08-29T19:18:20Z,0,0,0,0,0,0,18.3,854.1,18.5,18.7,57.3,262,253,0,0.5,148,1.3,1.3,18.4,13.5,14.1
2026-08-29T19:33:29Z,0,0,0,0,0,0,18.1,854,18.3,18.5,58,260,252,0,0.1,204,0.7,0.7,18.2,13.4,13.9
2026-08-29T19:48:58Z,0,0,0,0,0,0,18.1,854.1,18.2,18.4,58.4,259,253,0,0.2,158,0.6,0.6,18.1,13.4,13.9
2026-08-29T20:04:06Z,0,0,0,0,0,0,18.1,854.2,18.3,18.5,58.5,261,254,0,0.5,185,1.4,1.4,18.2,13.5,13.9
2026-08-29T20:19:16Z,0,0,0,0,0,0,17.6,854.2,17.8,18,59.7,261,254,0,0,185,0.2,0.2,17.8,13.2,13.5
2026-08-29T20:34:25Z,0,0,0,0,0,0,17.4,854.1,17.6,17.8,60.8,260,253,0,0,184,0.3,0.3,17.5,13.1,13.3
2026-08-29T20:49:34Z,0,0,0,0,0,0,17.7,854.2,17.8,18,62.4,261,253,0,0.3,149,0.7,0.7,17.8,13.5,13.5
2026-08-29T21:05:00Z,0,0,0,0,0,0,17.8,854.2,18,18.1,63.8,261,254,0,0,135,0.4,0.4,17.9,13.8,13.6
2026-08-29T21:20:07Z,0,0,0,0,0,0,17.8,854.1,18,18.2,65,259,253,0,0.6,163,1.1,1.1,18,14,13.7
2026-08-29T21:35:16Z,0,0,0,0,0,0,17.7,853.8,18,18.1,65.8,261,255,0,0.5,185,2,2,17.9,14,13.6
2026-08-29T21:50:25Z,0,0,0,0,0,0,17.6,853.7,17.8,18,67.1,261,254,0,0.1,164,0.7,0.7,17.8,14.1,13.6
2026-08-29T22:05:35Z,0,0,0,0,0,0,17.3,853.6,17.4,17.7,68.9,259,254,0,0.4,183,2.2,2.2,17.5,14,13.2
2026-08-29T22:21:04Z,0,0,0,0,0,0,16.8,853.5,17,17.3,70.9,260,253,0,0.9,133,2.2,2.2,17.1,13.8,12.8
2026-08-29T22:36:13Z,0,0,0,0,0,0,16.4,853.3,16.6,16.8,73,259,254,0,0,185,0.2,0.2,16.7,13.7,12.4
2026-08-29T22:51:22Z,0,0,0,0,0,0,16,853.2,16.2,16.5,76.5,261,253,0,0.3,79,1.1,1.1,16.4,13.8,12.2
2026-08-29T23:06:31Z,0,0,0,0,0,0,15.8,853.2,16.1,16.2,77.7,260,252,0,0,101,0,0,16.1,13.6,11.9
2026-08-29T23:21:41Z,0,0,0,0,0,0,15.8,853.1,16.2,16.2,79.6,261,254,0,0,101,0,0,16.1,13.8,11.9
2026-08-29T23:37:07Z,0,0,0,0,0,0,15.9,853,16.2,16.3,80.5,259,254,0,0.1,101,0.4,0.4,16.2,14,12
2026-08-29T23:52:16Z,0,0,0,0,0,0,16.2,853,16.4,16.6,79.5,260,253,0,0.1,162,0.7,0.7,16.5,14.2,12.3
2026-08-30T00:00:20Z,0,0,0,0,0,0,16.2,853.1,16.4,16.6,80.4,260,254,0,0,111,0.4,0.4,16.5,14.3,12.3
2026-08-30T00:15:29Z,0,0,0,0,0,0,15.9,853.1,16.2,16.4,81.9,261,253,0,1.1,108,3.3,3.3,16.3,14.3,12.1
2026-08-30T00:31:21Z,0,0,0,0,0,0,15.7,853.1,16.1,16.1,82.8,259,254,0,0.1,108,0.7,0.7,16,14.1,11.8
2026-08-30T00:46:29Z,0,0,0,0,0,0,15.5,853,15.8,15.9,83.4,261,253,0,0.1,169,0.7,0.7,15.8,14,11.6
2026-08-30T01:01:39Z,0,0,0,0,0,0,15.6,853.2,16,16,82.8,260,251,0,1.5,162,2.2,2.2,15.9,14,11.7
2026-08-30T01:16:48Z,0,0,0,0,0,0,15.5,853.4,15.9,15.9,82.9,261,254,0,1.2,165,2,2,15.8,14,11.6
2026-08-30T01:32:16Z,0,0,0,0,0,0,15.4,853.2,15.8,15.8,83.1,261,254,0,0.3,149,0.9,0.9,15.7,13.9,11.5
2026-08-30T01:47:22Z,0,0,0,0,0,0,15.2,853.2,15.6,15.7,83.9,260,253,0,0.9,171,2.6,2.6,15.6,13.8,11.4
2026-08-30T02:02:31Z,0,0,0,0,0,0,15.1,853.4,15.5,15.6,84.3,260,253,0,0.5,172,1.1,1.1,15.5,13.8,11.3
2026-08-30T02:17:40Z,0,0,0,0,0,0,15.1,853.5,15.4,15.5,84.7,260,253,0,0.1,327,0.4,0.4,15.4,13.7,11.2
2026-08-30T02:33:21Z,0,0,0,0,0,0,14.9,853.6,15.2,15.4,84.9,259,253,0,0.1,187,0.7,0.7,15.3,13.6,11.1
2026-08-30T02:48:30Z,0,0,0,0,0,0,14.9,853.8,15.2,15.4,84.9,260,254,0,0.5,187,1.3,1.3,15.3,13.6,11.1
2026-08-30T03:03:39Z,0,0,0,0,0,0,14.9,853.9,15.2,15.4,84.9,260,253,0,0,88,0.4,0.4,15.3,13.6,11.1
2026-08-30T03:18:48Z,0,0,0,0,0,0,15,854,15.3,15.4,85,260,261,0,0.2,128,0.7,0.7,15.3,13.7,11.1
2026-08-30T03:45:32Z,0,0,0,0.1,0,0,14.7,854.2,15.1,15.1,86.4,271,372,0,0.4,150,1.1,1.1,15.1,13.6,10.9
2026-08-30T04:00:57Z,0,0,0,0.1,0,0,14.7,854.4,15.1,15.2,86.2,280,470,0,0,150,0,0,15.1,13.6,10.9
2026-08-30T04:16:06Z,0,0,0,0.3,0,0,15,854.7,15.3,15.4,85,305,743,0,0.1,90,0.4,0.4,15.3,13.7,11.1
2026-08-30T04:31:15Z,0,0,0,0.4,0,0,15.5,854.8,15.9,15.9,83.4,329,1046,0,0.1,90,0.9,0.9,15.8,13.9,11.6
2026-08-30T04:47:06Z,0,0,0,0.7,0,0,16.8,855,16.9,16.9,79.1,387,1758,0,0.3,178,1.1,1.1,16.8,14.5,12.6
2026-08-30T05:02:15Z,0,0,0,0.6,0,0,17.2,855.1,17.8,17.2,77.2,374,1496,0,0.9,178,1.5,1.5,17.1,14.5,12.8
2026-08-30T05:17:24Z,0,0,0,0.6,0,0,17.1,855.4,17.7,17.5,75.5,377,1539,0,0.8,172,1.7,1.7,17.4,14.6,13.2
2026-08-30T05:32:33Z,0,0,0,1.1,0,0,18.3,855.5,18.6,18.5,72.5,468,2584,0,0.4,116,1.5,1.5,18.4,15.2,14.1
2026-08-30T05:48:02Z,0,0,0,1.7,0,0,19.1,855.6,20,19,67.6,575,3848,0,0.5,186,2,2,18.9,15.1,14.6
2026-08-30T06:03:11Z,0,0,0,0.5,0,0,17.9,855.8,18.6,18.4,67.2,345,1106,0,1.2,145,1.7,1.7,18.3,14.5,14
2026-08-30T06:18:21Z,0,0,0,0.6,0,0,18,855.8,18.4,18.5,65.3,378,1516,0,0.6,166,2.6,2.6,18.3,14.3,14
2026-08-30T06:33:29Z,0,0,0,0.8,0,0,18.9,855.8,19.3,19.2,60.4,408,1769,0,0.8,73,2.2,2.2,19,14.3,14.6
2026-08-30T06:48:39Z,0,0,0,3,0,0,20.2,855.7,20.6,20.4,54.3,807,6460,0,1.1,102,2,2,20.1,14.6,15.7
2026-08-30T07:04:05Z,0,0,0,3.1,0,0,21.3,855.6,21.7,21.7,51.2,835,6693,0,0.7,65,1.5,1.5,21.5,15.3,16.9
2026-08-30T07:19:14Z,0,0,0,1.2,0,0,22,855.6,22.1,22.5,48.7,480,2533,0,1.6,72,2.4,2.4,22.3,15.7,17.6
2026-08-30T07:34:23Z,0,0,0,2.7,0,0,21.5,855.4,21.8,22.1,49.5,759,5714,0,0.9,87,2.2,2.2,21.9,15.4,17.2
2026-08-30T07:49:31Z,0,0,0,3.8,0,0,21,855.4,21.7,21.6,48.7,967,8161,0,1.4,184,2.2,2.2,21.3,14.9,16.7
2026-08-30T08:04:40Z,0,0,0,1,0,0,21.5,855.2,21.9,22,47.9,444,2179,0,0.7,167,2,2,21.8,15.1,17.1
2026-08-30T08:20:09Z,0,0,0,4.3,0,0,23,854.9,23.5,23.3,46.6,1059,9152,0,0.7,169,1.5,1.5,23.1,16.1,18.3
2026-08-30T08:35:18Z,0,0,0,1.3,0,0,22.6,854.7,23.1,23.4,44.6,505,2841,0,1.2,176,2.6,2.6,23.1,15.8,18.3
2026-08-30T08:50:27Z,0,0,0,1.3,0,0,22.4,854.4,22.8,23,46.3,507,2874,0,1.3,163,2.6,2.6,22.7,15.7,17.9
2026-08-30T09:05:36Z,0,0,0,3.3,0,0,22.7,854.2,23.1,23,47.2,874,7008,0,0.2,246,0.8,0.8,22.8,15.9,18
2026-08-30T09:20:45Z,0,0,0,4.2,0,0,23.4,854,23.9,24,43.6,1033,8820,0,0.8,78,1.3,1.3,23.8,16.1,18.8
2026-08-30T09:36:12Z,0,0,0,1.2,0,0,24.1,853.8,24.5,24.7,42.3,474,2560,0,0.3,112,1.3,1.3,24.5,16.5,19.4
2026-08-30T09:51:21Z,0,0,0,4.2,0,0,23.3,853.6,23.9,23.8,41.7,1044,8930,0,1,194,2,2,23.6,15.7,18.6
2026-08-30T10:06:30Z,0,0,0,1.2,0,0,23.4,853.3,23.7,24.1,40.6,481,2554,0,1.8,71,3.3,3.3,23.9,15.8,18.9
2026-08-30T10:21:40Z,0,0,0,2.8,0,0,24,853.1,24.2,24.5,41.9,770,5854,0,0.6,141,1.5,1.5,24.3,16.3,19.2
2026-08-30T10:36:48Z,0,0,0,1,0,0,24.3,852.9,24.5,24.8,41.2,446,2238,0,0.7,74,2.4,2.4,24.6,16.4,19.5
2026-08-30T10:52:15Z,0,0,0,3.8,0,0,24.6,852.6,25,25.2,41.2,974,8123,0,0.5,140,1.3,1.3,25,16.8,19.8
2026-08-30T11:07:23Z,0,0,0,1.2,0,0,25.5,852.4,25.6,26,39.1,491,2674,0,0.6,324,1.5,1.5,25.8,17,20.4
2026-08-30T11:22:31Z,0,0,0,1.1,0,0,25,852.3,25.1,25.8,40.7,461,2407,0,2.4,71,4.8,4.8,25.6,17.1,20.2
2026-08-30T11:37:40Z,0,0,0,0.8,0,0,24.7,852.1,24.9,25.3,42.5,404,1805,0,0.8,124,1.5,1.5,25.1,17,19.9
2026-08-30T11:52:49Z,0,0,0,3.5,0,0,25.3,851.9,25.4,25.9,40.8,910,7557,0,0.1,119,0.4,0.4,25.8,17.3,20.4
2026-08-30T12:08:17Z,0,0,0,0.8,0,0,23.9,851.9,24.2,24.5,45.7,408,1781,0,0.5,156,1.3,1.3,24.3,16.9,19.2
2026-08-30T12:23:26Z,0,0,0,2.7,0,0,23.8,851.8,24.2,24.5,48.4,768,5954,0,0.8,163,2.2,2.2,24.4,17.3,19.3
2026-08-30T12:38:35Z,0,0,0,0.7,0,0,25.6,851.7,26,26.6,43.3,395,1606,0,1.6,86,2.8,2.8,26.5,18.3,20.9
2026-08-30T12:53:44Z,0,0,0,0.7,0,0,24.3,851.7,24.8,25.2,47.7,384,1589,0,1,201,1.7,1.7,25.1,17.8,19.8
2026-08-30T13:08:54Z,0,0,0,0.8,0,0,23.2,851.7,23.4,23.8,50.6,399,1738,0,1.8,167,3.1,3.1,23.6,17,18.7
2026-08-30T13:24:20Z,0,0,0,1.7,0,0,23.6,851.6,23.9,24.2,50.2,576,3824,0,1.6,175,2.8,2.8,24.1,17.3,19
2026-08-30T13:39:28Z,0,0,0,1.7,0,0,23.8,851.6,24.2,24.7,48.8,577,3942,0,0.5,77,2.8,2.8,24.6,17.6,19.5
2026-08-30T13:54:37Z,0,0,0,1.2,0,0,23.8,851.7,24.2,24.7,49.6,488,2906,0,1.1,106,2.8,2.8,24.6,17.6,19.4
2026-08-30T14:10:28Z,0,0,0,0.3,0,0,22.4,851.8,22.8,22.9,54.3,316,758,0,0.6,80,1.5,1.5,22.8,16.8,18
2026-08-30T14:25:37Z,0,0,0,0.4,0,0,22.4,852,22.7,23.1,53.3,326,928,0,1.2,108,3.1,3.1,22.9,16.8,18.1
2026-08-30T14:41:29Z,0,0,0,0.2,0,0,21.8,852.1,22.1,22.3,55.2,300,607,0,0.8,150,2.2,2.2,22.2,16.4,17.4
2026-08-30T14:56:38Z,0,0,0,0.1,0,0,21.5,852.1,21.8,21.9,56.6,282,424,0,0.3,173,2,2,21.8,16.3,17.1
2026-08-30T15:11:47Z,0,0,0,0.1,0,0,21.3,852.2,21.4,21.7,57.5,275,385,0,0.5,122,1.1,1.1,21.6,16.2,16.9
2026-08-30T15:26:57Z,0,0,0,0.1,0,0,21,852.4,21.2,21.4,58.3,267,299,0,0.9,173,1.9,1.9,21.3,16,16.7
2026-08-30T15:42:34Z,0,0,0,0,0,0,20.7,852.5,20.9,21.1,59.9,261,262,0,0.3,91,0.9,0.9,20.9,16,16.4
2026-08-30T15:57:43Z,0,0,0,0,0,0,20.5,852.7,20.7,20.9,60.4,262,253,0,0.6,91,1.3,1.3,20.7,15.8,16.2
2026-08-30T16:12:52Z,0,0,0,0,0,0,20.3,852.8,20.5,20.7,61.5,261,253,0,0.1,91,0.9,0.9,20.6,15.8,16.1
2026-08-30T16:28:02Z,0,0,0,0,0,0,20.4,853,20.6,20.8,61.9,259,252,0,0.6,185,1.1,1.1,20.7,16,16.2
2026-08-30T16:43:30Z,0,0,0,0,0,0,20.4,853.1,20.5,20.8,62.5,262,254,0,1.6,184,3.1,3.1,20.6,16,16.1
2026-08-30T16:58:38Z,0,0,0,0,0,0,20.2,853.3,20.4,20.6,63.3,260,252,0,0.1,182,0.8,0.8,20.5,16,16
2026-08-30T17:13:47Z,0,0,0,0,0,0,20,853.4,20.2,20.5,64.1,260,252,0,0.5,144,2.2,2.2,20.3,15.9,15.9
2026-08-30T17:28:56Z,0,0,0,0,0,0,19.7,853.5,19.9,20.1,66.3,259,254,0,0.6,98,1.3,1.3,20,15.9,15.5
2026-08-30T17:44:05Z,0,0,0,0,0,0,19.4,853.8,19.5,19.8,68.1,260,255,0,0.3,91,1.1,1.1,19.7,15.8,15.3
2026-08-30T17:59:33Z,0,0,0,0,0,0,19.1,853.9,19.3,19.5,69.5,259,253,0,0.2,117,0.9,0.9,19.4,15.8,15.1
2026-08-30T18:14:42Z,0,0,0,0,0,0,18.9,854.1,19.1,19.3,71.1,260,253,0,0.1,87,0.4,0.4,19.2,15.8,14.9
2026-08-30T18:29:50Z,0,0,0,0,0,0,18.6,854.2,18.8,19.1,72.6,259,253,0,0.1,87,0.7,0.7,19,15.7,14.7
2026-08-30T18:44:59Z,0,0,0,0,0,0,18.5,854.4,18.7,18.9,73.9,261,254,0,0,87,0.2,0.2,18.9,15.8,14.5
2026-08-30T19:00:42Z,0,0,0,0,0,0,18.5,854.5,18.7,18.9,75.3,260,254,0,0.4,87,1.5,1.5,18.8,15.9,14.5
2026-08-30T19:15:50Z,0,0,0,0,0,0,18.3,854.6,18.6,18.8,78.2,259,254,0,0.8,177,2.6,2.6,18.7,16.1,14.4
2026-08-30T19:30:59Z,0,0,0,0,0,0,18.2,854.7,18.4,18.6,79.2,260,253,0,0.6,94,1.1,1.1,18.6,16.1,14.3
2026-08-30T19:46:07Z,0,0,0,0,0,0,17.8,854.8,17.9,18.2,79.9,260,254,0,2.4,170,4.2,4.2,18.2,15.8,13.9
2026-08-30T20:01:29Z,0,0,0,0,0,0,17.4,854.8,17.6,17.8,81.1,260,254,0,0.6,150,1.5,1.5,17.8,15.6,13.5
2026-08-30T20:16:38Z,0,0,0,0,0,0,17.2,854.8,17.4,17.6,82.9,261,253,0,0.8,183,1.5,1.5,17.6,15.6,13.3
2026-08-30T20:31:46Z,0,0,0,0,0,0,17.2,854.8,17.4,17.6,83.3,260,254,0,0.3,183,1.3,1.3,17.6,15.6,13.3
2026-08-30T20:46:55Z,0,0,0,0,0,0,17.2,854.8,17.3,17.6,84.3,259,253,0,0.2,98,1.1,1.1,17.7,15.8,13.4
2026-08-30T21:02:03Z,0,0,0,0,0,0,16.5,854.6,16.7,17,88,262,253,0,0.9,127,1.7,1.7,17,15.6,12.8
2026-08-30T21:17:34Z,0,0,0,0,0,0,16.4,854.3,16.6,16.9,89.1,261,255,0,0,98,0.2,0.2,16.9,15.6,12.7
2026-08-30T21:32:42Z,0,0,0,0,0,0,16.4,854.3,16.6,16.8,89.7,260,254,0,0,98,0,0,16.9,15.6,12.6
2026-08-30T21:47:51Z,0,0,0,0,0,0,16.2,854.1,16.4,16.7,90.9,260,253,0,1.1,187,2,2,16.7,15.6,12.5
2026-08-30T22:03:01Z,0,0,0,0,0,0,15.9,853.9,16.2,16.3,92.3,262,254,0,1.5,182,3.3,3.3,16.3,15.4,12.1
2026-08-30T22:18:09Z,0,0,0,0,0,0,15.9,853.7,16.2,16.3,91.8,260,253,0,0.7,144,1.5,1.5,16.3,15.3,12.1
2026-08-30T22:33:36Z,0,0,0,0,0,0,15.8,853.5,16.1,16.3,92,260,254,0,0.3,98,1.3,1.3,16.3,15.3,12.1
2026-08-30T22:48:44Z,0,0,0,0,0,0,15.8,853.5,16.1,16.3,92.1,259,253,0,0,98,0.2,0.2,16.3,15.4,12.1
2026-08-30T23:03:52Z,0,0,0,0,0,0,15.9,853.5,16.2,16.3,91.5,262,254,0,0.7,184,1.5,1.5,16.3,15.3,12.1
2026-08-30T23:19:01Z,0,0,0,0,0,0,15.9,853.4,16.2,16.3,91.3,261,253,0,0.2,173,0.7,0.7,16.3,15.3,12.1
2026-08-30T23:34:09Z,0,0,0,0,0,0,15.7,853.2,16.1,16.1,91.2,260,253,0,1.5,171,2.8,2.8,16.2,15.1,12
2026-08-30T23:49:18Z,0,0,0,0,0,0,15.7,853.1,16,16.1,91.1,260,254,0,0.8,189,2,2,16.1,15.1,11.9
2026-08-31T00:00:24Z,0,0,0,0,0,0,15.6,853.1,16,16,90.9,261,255,0,0.5,186,1.5,1.5,16,14.9,11.8
2026-08-31T00:15:45Z,0,0,0.2,0,0,0,15.5,853,15.9,15.9,90.3,259,254,0,1.7,193,4.6,4.6,15.9,14.8,11.7
2026-08-31T00:30:53Z,0,0,0.2,0,0,0,14.6,853,15,15.1,92.3,262,252,0,1.2,175,2.6,2.6,15.1,14.2,10.9
2026-08-31T00:46:02Z,0,0,0.2,0,0,0,14.4,853,14.7,14.9,93.8,260,254,0,0.8,164,1.3,1.3,14.9,14.2,10.7
2026-08-31T01:01:10Z,0,0,0.2,0,0,0,14.4,853,14.7,14.8,94.7,261,253,0,0.8,162,1.7,1.7,14.8,14.2,10.7
2026-08-31T01:16:39Z,0,0,0.2,0,0,0,14.4,853,14.8,14.8,94.8,260,254,0,0.5,191,1.4,1.4,14.8,14.2,10.6
2026-08-31T01:31:48Z,0,0,0.2,0,0,0,14.4,853,14.7,14.8,93.1,262,253,0,0.4,190,1.3,1.3,14.8,14,10.6
2026-08-31T01:46:56Z,0,0,0.2,0,0,0,14.4,853,14.8,14.9,91.7,261,253,0,0.1,190,0.4,0.4,14.8,13.9,10.6
2026-08-31T02:02:04Z,0,0,0.2,0,0,0,14.5,853.1,14.8,14.9,91,260,254,0,0.3,168,1,1,14.9,13.9,10.7
2026-08-31T02:17:12Z,0,0,0.2,0,0,0,14.4,853.1,14.7,14.8,91.4,260,253,0,0.1,110,0.7,0.7,14.8,13.8,10.6
2026-08-31T02:32:20Z,0,0,0.2,0,0,0,14.4,853.3,14.7,14.8,91.5,261,253,0,0.2,174,0.4,0.4,14.8,13.8,10.6
2026-08-31T02:47:48Z,0,0,0.2,0,0,0,14.3,853.3,14.6,14.8,91.5,260,254,0,0.2,174,0.4,0.4,14.8,13.8,10.6
2026-08-31T03:03:12Z,0,0,0.2,0,0,0,14.2,853.5,14.6,14.7,91.2,261,253,0,0.3,119,1.1,1.1,14.6,13.6,10.4
2026-08-31T03:18:21Z,0,0,0.2,0,0,0,14.2,853.5,14.6,14.7,90.9,261,257,0,0,131,0.2,0.2,14.6,13.6,10.4
2026-08-31T03:33:29Z,0,0,0.2,0,0,0,14.4,853.8,14.8,14.8,91,262,274,0,0.6,106,1.1,1.1,14.7,13.7,10.5
2026-08-31T03:48:37Z,0,0,0.4,0.1,0,0,14.6,854,14.9,14.9,90.3,272,404,0,0.4,106,1.1,1.1,14.9,13.8,10.7
2026-08-31T04:03:45Z,0,0,0.4,0.1,0,0,14.8,853.9,15.1,15.1,89.2,278,443,0,0,106,0,0,15.1,13.9,10.9
2026-08-31T04:18:54Z,0,0,0.4,0.2,0,0,15.1,854,15.4,15.5,86,284,516,0,0.3,106,0.7,0.7,15.4,13.9,11.2
2026-08-31T04:34:16Z,0,0,0.4,0.2,0,0,15.3,854.2,15.6,15.7,83.2,299,685,0,0.7,107,1.1,1.1,15.6,13.7,11.4
2026-08-31T04:49:25Z,0,0,0.4,0.2,0,0,15.4,854.3,15.8,15.9,83.5,292,622,0,0,107,0.2,0.2,15.8,14,11.6
2026-08-31T05:04:34Z,0,0,0.4,0.4,0,0,15.6,854.4,16,16,81.4,329,1059,0,0.4,107,1.7,1.7,15.9,13.9,11.7
2026-08-31T05:19:43Z,0,0,0.4,0.5,0,0,16.3,854.6,16.4,16.6,77.2,353,1325,0,1.1,107,2,2,16.5,14,12.3
2026-08-31T05:34:53Z,0,0,0.4,0.6,0,0,16.7,854.7,16.8,17.1,75.8,369,1483,0,0.2,104,0.4,0.4,16.9,14.2,12.7
2026-08-31T05:50:19Z,0,0,0.4,0.8,0,0,17,854.9,17.2,17.4,73,398,1844,0,0.6,169,1.3,1.3,17.3,14.2,13
2026-08-31T06:05:29Z,0,0,0,0.6,0.4,0,17.2,855,17.4,17.6,71.6,372,1512,0,0.6,191,1.3,1.3,17.5,14.2,13.2
2026-08-31T06:20:37Z,0,0,0,0.6,0.4,0,17.9,855.1,18,18.4,70,365,1429,0,1,99,2.4,2.4,18.3,14.8,14
2026-08-31T06:35:46Z,0,0,0,0.2,0.4,0,17.5,855.2,17.7,18,72.4,303,749,0,0.4,100,1.3,1.3,17.9,14.8,13.7
2026-08-31T06:50:56Z,0,0,0,0.6,0.4,0,17,855.3,17.2,17.5,74.2,373,1526,0,0.1,100,0.4,0.4,17.4,14.4,13.1
2026-08-31T07:06:23Z,0,0,0,0.4,0.4,0,18.2,855.2,18.4,18.6,71.3,333,1091,0,0.4,100,0.9,0.9,18.5,15.1,14.2
2026-08-31T07:21:32Z,0,0,0,0.4,0.4,0,17.7,855.3,18,18.2,71.2,325,977,0,0.4,100,1.3,1.3,18.1,14.8,13.8
2026-08-31T07:36:41Z,0,0,0,0.6,0.4,0,17.8,855.2,18.1,18.4,70.7,361,1388,0,0.4,100,0.9,0.9,18.2,14.8,13.9
2026-08-31T07:51:51Z,0,0,0,0.5,0.4,0,18,855,18.1,18.5,67.2,358,1338,0,0.9,100,1.7,1.7,18.3,14.5,14
2026-08-31T08:07:00Z,0,0,0,0.8,0.4,0,18.3,855,18.4,18.8,66.7,403,1839,0,1.2,100,2,2,18.6,14.7,14.3
2026-08-31T08:22:26Z,0,0,0,1.2,0.4,0,19.3,854.8,19.3,19.7,64.1,480,2697,0,1.1,100,2,2,19.5,15.2,15.1
2026-08-31T08:37:34Z,0,0,0,0.9,0.4,0,20,854.8,20.1,20.6,61.4,426,2078,0,0.3,100,1.3,1.3,20.4,15.7,15.9
2026-08-31T08:52:43Z,0,0,0,0.7,0.4,0,19.7,854.6,19.8,20.2,61.8,381,1605,0,0.6,100,1.3,1.3,20.1,15.5,15.6
2026-08-31T09:07:52Z,0,0,0,0.9,0.4,0,19.6,854.4,19.8,20,62.6,432,2136,0,0.8,100,1.3,1.3,19.9,15.4,15.5
2026-08-31T09:23:01Z,0,0,0,0.7,0.4,0,19.5,854.3,19.5,20,61.6,393,1699,0,0.6,100,1.7,1.7,19.9,15.3,15.5
2026-08-31T09:38:29Z,0,0,0,0.6,0.4,0,19.3,854.1,19.6,19.8,62.7,376,1507,0,1.2,100,2,2,19.6,15.2,15.2
2026-08-31T09:53:39Z,0,0,0,0.9,0.4,0,19.5,853.8,19.8,20,62.1,423,2029,0,0.8,100,1.7,1.7,19.9,15.3,15.4
2026-08-31T10:08:47Z,0,0,0,1,0.4,0,19.9,853.6,20.1,20.5,61.3,438,2198,0,0.1,100,0.4,0.4,20.3,15.6,15.8
2026-08-31T10:24:38Z,0,0,0,1.4,0.4,0,20.2,853.4,20.3,20.8,61.5,517,3091,0,0.4,100,1.1,1.1,20.7,15.9,16.2
2026-08-31T10:39:46Z,0,0,0,0.5,0.4,0,20.6,853.2,20.7,21.3,59.7,343,1133,0,0.7,100,0.9,0.9,21.2,16.2,16.6
2026-08-31T10:54:55Z,0,0,0,0.4,0.4,0,20.3,853,20.3,20.9,60.4,336,1063,0,0.9,100,1.3,1.3,20.8,15.9,16.2
2026-08-31T11:10:04Z,0,0,0,0.8,0.4,0,20,852.8,20.1,20.5,62.3,414,1948,0,0.9,100,1.3,1.3,20.4,15.8,15.9
2026-08-31T11:25:13Z,0,0,0,1.3,0.4,0,20.8,852.6,20.9,21.2,61.1,498,2889,0,0.5,100,1.3,1.3,21.1,16.3,16.6
2026-08-31T11:40:34Z,0,0,0,1.5,0.4,0,22,852.3,22,22.3,57,538,3326,0,0.8,100,1.3,1.3,22.2,16.7,17.5
2026-08-31T11:55:42Z,0,0,0,0.4,0.4,0,21.8,852.2,21.6,22,57.9,327,1003,0,0.8,70,1.1,1.1,21.8,16.5,17.2
2026-08-31T12:10:51Z,0,0,0,0.3,0.4,0,21,852.1,21,21.4,59.8,306,744,0,0.4,111,1.1,1.1,21.2,16.2,16.6
2026-08-31T12:26:00Z,0,0,0,0.6,0.4,0,20.6,852.1,20.5,20.8,61.6,374,1509,0,0.2,107,0.7,0.7,20.7,16,16.2
2026-08-31T12:41:29Z,0,0,0,0.4,0.4,0,20.7,851.9,20.7,20.9,61.5,335,1113,0,0.2,105,0.7,0.7,20.8,16,16.3
2026-08-31T12:56:37Z,0,0,0,0.6,0.4,0,21.1,851.9,21,21.3,60.8,369,1467,0,0.2,105,0.7,0.7,21.1,16.3,16.6
2026-08-31T13:11:46Z,0,0,0,0.3,0.4,0,20.8,851.7,20.8,20.9,63.1,323,931,0,0,105,0,0,20.8,16.3,16.3
2026-08-31T13:26:54Z,0,0,0,0.2,0.4,0,20.5,851.7,20.5,20.7,63.7,296,636,0,0.1,105,0.6,0.6,20.6,16.1,16.1
2026-08-31T13:42:03Z,0,0,0,0.2,0.4,0,20.3,851.7,20.3,20.5,64.7,293,623,0,0.5,105,0.9,0.9,20.4,16,15.9
2026-08-31T13:57:11Z,0,0,0,0.2,0.4,0,19.8,851.8,19.8,20,66.1,288,581,0,0.7,104,1.6,1.6,19.9,15.8,15.4
2026-08-31T14:12:33Z,0,0,0,0.2,0.4,0,19.7,851.8,19.8,20,65.9,288,557,0,0.2,105,0.7,0.7,19.8,15.7,15.4
2026-08-31T14:27:42Z,0,0,0,0.3,0.4,0,19.8,851.7,19.9,20.1,65.1,306,753,0,0.3,105,0.7,0.7,20,15.8,15.6
2026-08-31T14:42:50Z,0,0,0,0.2,0.4,0,19.9,851.8,20.1,20.2,65.5,295,630,0,0.1,105,0.4,0.4,20.1,15.9,15.7
2026-08-31T14:58:00Z,0,0,0,0.2,0.4,0,19.8,851.7,19.9,20.1,65.7,284,477,0,0.1,105,0.4,0.4,20,15.8,15.6
2026-08-31T15:13:44Z,0,0,0,0.1,0.4,0,19.5,851.8,19.5,19.8,67.4,276,432,0,0,105,0,0,19.6,15.7,15.2
2026-08-31T15:28:53Z,0,0,0,0,0.4,0,19.3,851.8,19.3,19.5,68.9,264,287,0,0,105,0.2,0.2,19.4,15.7,15.1
2026-08-31T15:44:02Z,0,0,0,0,0.4,0,19,852.1,19.1,19.3,69.5,261,257,0,0,105,0,0,19.2,15.6,14.8
2026-08-31T15:59:12Z,0,0,0,0,0.4,0,18.8,852,18.9,19.1,70.5,260,253,0,0.1,105,0.4,0.4,19,15.5,14.7
2026-08-31T16:14:41Z,0,0,0,0,0.4,0,18.6,852.1,18.8,18.9,71.2,258,254,0,0,105,0,0,18.8,15.4,14.5
2026-08-31T16:29:50Z,0,0,0,0,0.4,0,18.5,852.1,18.6,18.8,71.7,260,253,0,0,105,0,0,18.7,15.4,14.4
2026-08-31T16:45:00Z,0,0,0,0,0.4,0,18.4,852.3,18.6,18.7,72.4,261,252,0,0,105,0,0,18.6,15.4,14.3
2026-08-31T17:00:10Z,0,0,0,0,0.4,0,18.3,852.4,18.4,18.6,72.8,260,254,0,0,105,0,0,18.5,15.3,14.2
2026-08-31T17:15:19Z,0,0,0,0,0.4,0,18.3,852.4,18.4,18.6,73,260,253,0,0,105,0,0,18.5,15.3,14.2
2026-08-31T17:30:45Z,0,0,0,0,0.4,0,18.5,852.6,18.6,18.8,72.8,259,254,0,0.4,105,1.3,1.3,18.7,15.5,14.4
2026-08-31T17:45:55Z,0,0,0,0,0.4,0,18.6,852.7,18.8,19,74.3,259,253,0,0,105,0.4,0.4,18.9,15.9,14.6
2026-08-31T18:01:04Z,0,0,0,0,0.4,0,18.6,852.8,18.7,18.9,76.7,260,254,0,0.7,144,2.2,2.2,18.9,16.1,14.6
2026-08-31T18:16:13Z,0,0,0,0,0.4,0,18.3,853,18.4,18.7,78,259,256,0,0.9,123,2.6,2.6,18.7,16.1,14.4
2026-08-31T18:31:23Z,0,0,0,0,0.4,0,18,853.1,18.1,18.4,79.1,261,253,0,0.7,103,1.3,1.3,18.4,15.9,14.1
2026-08-31T18:46:48Z,0,0,0,0,0.4,0,17.7,853.2,17.8,18.1,79.2,259,253,0,0.3,103,1.7,1.7,18,15.6,13.7
2026-08-31T19:01:58Z,0,0,0,0,0.4,0,17.5,853.4,17.6,17.9,80.1,261,254,0,0.7,129,1.5,1.5,17.8,15.5,13.6
2026-08-31T19:17:07Z,0,0,0,0,0.4,0,17.3,853.3,17.4,17.7,80,260,253,0,1.3,103,2,2,17.7,15.3,13.4
2026-08-31T19:32:17Z,0,0,0,0,0.4,0,17.2,853.4,17.4,17.6,79.9,261,253,0,0.6,146,1.3,1.3,17.6,15.2,13.3
2026-08-31T19:47:26Z,0,0,0,0,0.4,0,17.2,853.5,17.3,17.6,80.3,260,253,0,0.9,166,1.7,1.7,17.5,15.2,13.3
2026-08-31T20:02:52Z,0,0,0,0,0.4,0,17.1,853.7,17.3,17.5,80.7,260,254,0,1.9,178,3.7,3.7,17.5,15.2,13.2
2026-08-31T20:18:02Z,0,0,0,0,0.4,0,17.2,853.6,17.3,17.5,80.7,261,253,0,0.4,102,0.9,0.9,17.5,15.3,13.3
2026-08-31T20:33:11Z,0,0,0,0,0.4,0,17.1,853.6,17.2,17.5,81.8,260,253,0,0.8,102,1.7,1.7,17.4,15.3,13.2
2026-08-31T20:48:21Z,0,0,0,0,0.4,0,16.9,853.6,17,17.3,81.7,261,253,0,0.2,102,0.7,0.7,17.2,15.1,13
2026-08-31T21:03:31Z,0,0,0,0,0.4,0,16.8,853.6,17,17.2,81.6,260,253,0,0,102,0.2,0.2,17.1,15,12.9
2026-08-31T21:18:56Z,0,0,0,0,0.4,0,16.6,853.4,16.8,17,80.5,260,255,0,0.7,108,2,2,17,14.7,12.7
2026-08-31T21:34:05Z,0,0,0,0,0.4,0,16.4,853.2,16.5,16.8,81.4,260,254,0,0.1,109,0.4,0.4,16.7,14.6,12.5
2026-08-31T21:49:15Z,0,0,0,0,0.4,0,16.1,853.2,16.2,16.5,82.9,259,253,0,0.7,109,2.2,2.2,16.5,14.5,12.2
2026-08-31T22:04:25Z,0,0,0,0,0.4,0,15.9,853.1,16.2,16.3,83.6,260,255,0,0,109,0,0,16.3,14.4,12.1
2026-08-31T22:19:34Z,0,0,0,0,0.4,0,15.9,853,16.2,16.3,84,261,254,0,0,109,0,0,16.3,14.5,12.1
2026-08-31T22:35:00Z,0,0,0,0,0.4,0,15.9,852.8,16.2,16.3,84.5,261,252,0,0.6,109,1.1,1.1,16.3,14.5,12.1
2026-08-31T22:50:10Z,0,0,0,0,0.4,0,15.7,852.7,16,16.1,85.1,260,254,0,0.2,109,0.4,0.4,16.1,14.4,11.9
2026-08-31T23:05:20Z,0,0,0,0,0.4,0,15.4,852.8,15.8,15.8,86.2,259,253,0,0.2,109,0.7,0.7,15.7,14.2,11.5
2026-08-31T23:20:29Z,0,0,0,0,0.4,0,15.2,852.8,15.6,15.6,86.9,259,253,0,0,109,0,0,15.6,14.1,11.4
2026-08-31T23:35:39Z,0,0,0,0,0.4,0,15.1,852.7,15.4,15.5,87.4,260,253,0,0,109,0,0,15.4,14,11.2
2026-08-31T23:51:02Z,0,0,0,0,0.4,0,15,852.7,15.3,15.4,88,260,253,0,0,109,0,0,15.3,14,11.2
2026-09-01T00:00:08Z,0,0,0,0,0.4,0,15.1,852.7,15.5,15.5,88.1,261,253,0,0.1,109,0.4,0.4,15.5,14.1,11.3
2026-09-01T00:15:17Z,0,0,0,0,0.4,0,15.3,852.6,15.7,15.7,87.5,260,253,0,0.1,109,0.7,0.7,15.7,14.3,11.5
2026-09-01T00:30:27Z,0,0,0,0,0.4,0,15.5,852.5,15.8,15.9,88,260,253,0,0.3,109,0.9,0.9,15.8,14.5,11.6
2026-09-01T00:45:36Z,0,0,0,0,0.4,0,15.5,852.8,15.8,15.9,88.6,260,253,0,0.6,109,1.1,1.1,15.9,14.6,11.7
2026-09-01T01:01:03Z,0,0,0,0,0.4,0,15.4,852.8,15.7,15.8,89.4,259,254,0,0.2,109,0.7,0.7,15.8,14.6,11.6
2026-09-01T01:16:12Z,0,0,0,0,0.4,0,15.3,852.9,15.6,15.7,90,260,253,0,0,109,0.2,0.2,15.7,14.5,11.5
2026-09-01T01:31:58Z,0,0,0,0,0.4,0,15.2,852.9,15.6,15.6,90.2,259,254,0,0.1,109,0.2,0.2,15.6,14.5,11.4
2026-09-01T01:47:23Z,0,0,0,0,0.4,0,15.2,852.9,15.5,15.6,90.4,260,253,0,0,109,0,0,15.6,14.5,11.4
2026-09-01T02:02:32Z,0,0,0,0,0.4,0,15.3,853,15.6,15.7,90.3,262,254,0,0,109,0,0,15.7,14.5,11.5
2026-09-01T02:18:32Z,0,0,0,0,0.4,0,15.2,853,15.6,15.6,90.3,259,253,0,0,109,0,0,15.6,14.5,11.4
2026-09-01T02:33:41Z,0,0,0,0,0.4,0,15.2,853.2,15.4,15.6,90.4,261,255,0,0.4,109,0.7,0.7,15.6,14.5,11.4
2026-09-01T02:48:51Z,0,0,0,0,0.4,0,15.1,853.4,15.4,15.6,90.4,261,253,0,0.4,109,0.9,0.9,15.5,14.4,11.3
2026-09-01T03:04:00Z,0,0,0,0,0.4,0,15,853.5,15.2,15.5,90.4,259,254,0,0.7,109,1.3,1.3,15.5,14.4,11.3
2026-09-01T03:19:30Z,0,0,0,0,0.4,0,14.8,853.6,15.1,15.3,90.8,262,256,0,0.4,109,0.9,0.9,15.2,14.2,11.1
2026-09-01T03:34:39Z,0,0,0,0,0.4,0,14.8,854,15.1,15.2,90.9,262,285,0,0.1,109,0.9,0.9,15.2,14.2,11
2026-09-01T03:49:48Z,0,0,0,0.1,0.4,0,14.8,853.9,15.1,15.3,90.9,269,364,0,0.3,109,0.7,0.7,15.2,14.2,11
2026-09-01T04:04:56Z,0,0,0,0.2,0.4,0,14.9,854,15.2,15.3,90.1,304,799,0,1,109,1.3,1.3,15.3,14.2,11.1
2026-09-01T04:20:05Z,0,0,0,0.4,0.4,0,15.2,854.1,15.5,15.6,88.4,333,1121,0,0.9,108,1.1,1.1,15.5,14.2,11.3
2026-09-01T04:35:28Z,0,0,0,0.3,0.4,0,15.5,854.4,15.8,15.9,86.6,318,906,0,0.6,109,0.9,0.9,15.9,14.4,11.7
2026-09-01T04:50:37Z,0,0,0,0.3,0.4,0,15.5,854.7,15.7,16,86.8,314,853,0,0.1,109,0.4,0.4,15.9,14.4,11.7
2026-09-01T05:06:34Z,0,0,0,0.6,0.4,0,16,854.9,16.2,16.4,85.2,359,1382,0,0.5,109,0.9,0.9,16.4,14.7,12.1
2026-09-01T05:21:42Z,0,0,0,1.2,0.4,0,17.4,855.1,17.2,17.4,80.8,479,2833,0,1.3,108,2,2,17.3,15.1,13.1
2026-09-01T05:36:51Z,0,0,0,1.5,0.4,0,19.2,855.3,19.4,19.1,74.4,544,3556,0,0,109,0.1,0.1,19.1,16,14.7
2026-09-01T05:51:59Z,0,0,0,2.2,0.4,0,20.3,855.3,20.6,20.5,69.5,678,5173,0,0.3,109,1,1,20.5,16.7,16
2026-09-01T06:07:08Z,0,0,0,1.3,0,0,19.8,855.5,20.4,20.3,67.1,506,2995,0,0.5,109,2.2,2.2,20.2,16.2,15.7
2026-09-01T06:22:32Z,0,0,0,0.9,0,0,19.1,855.5,19.6,19.6,68.9,432,2174,0,0.4,109,1.1,1.1,19.5,15.8,15.1
2026-09-01T06:37:41Z,0,0,0,1.1,0,0,18.9,855.6,19.1,18.9,68.1,469,2590,0,0.1,109,0.4,0.4,18.8,15,14.5
2026-09-01T06:52:50Z,0,0,0,0.9,0,0,19.5,855.6,19.6,19.7,67.4,417,2034,0,0.1,109,0.7,0.7,19.6,15.7,15.2
2026-09-01T07:07:58Z,0,0,0,1.2,0,0,19.4,855.5,19.9,20,64.2,482,2720,0,0.9,109,1.5,1.5,19.9,15.6,15.4
2026-09-01T07:23:07Z,0,0,0,1.1,0,0,19.3,855.5,19.7,19.8,65.4,463,2521,0,0.8,168,1.7,1.7,19.7,15.5,15.3
2026-09-01T07:38:35Z,0,0,0,1.4,0,0,20.3,855.5,20.6,20.5,63.6,519,3136,0,0.8,258,1.7,1.7,20.4,15.9,15.9
2026-09-01T07:53:43Z,0,0,0,1.8,0,0,20.1,855.4,20.4,20.1,65.1,587,3817,0,0.5,238,1.1,1.1,20,15.8,15.6
2026-09-01T08:08:53Z,0,0,0,0.9,0,0,19.8,855.2,20.1,20.1,63.2,422,2010,0,0.7,113,1.1,1.1,19.9,15.5,15.5
2026-09-01T08:24:02Z,0,0,0,1.6,0,0,20.1,855,20.5,20.5,62.7,564,3498,0,0.2,204,0.7,0.7,20.4,15.8,15.9
2026-09-01T08:39:10Z,0,0,0,1.7,0,0,21.2,854.9,21.6,21.3,58.7,582,3796,0,1.5,261,2.6,2.6,21.2,16,16.6
2026-09-01T08:54:44Z,0,0,0,3.1,0,0,21.8,854.7,22.1,21.8,58.9,835,6667,0,0.9,251,1.5,1.5,21.7,16.5,17.1
2026-09-01T09:09:53Z,0,0,0,2.3,0,0,22.2,854.5,22.7,22.8,54.6,690,4983,0,0.5,132,2.2,2.2,22.7,16.8,17.9
2026-09-01T09:25:49Z,0,0,0,1.6,0,0,21.7,854.3,22.2,22.4,55,553,3540,0,0.7,104,1.3,1.3,22.2,16.5,17.5
2026-09-01T09:40:58Z,0,0,0,3.4,0,0,22.9,854,23.3,23.4,53.3,894,7326,0,0,104,0.2,0.2,23.3,17.1,18.4
2026-09-01T09:56:46Z,0,0,0,1.5,0,0,22.6,853.6,23.1,23.1,52.3,546,3420,0,0.6,105,1.1,1.1,23,16.7,18.1
2026-09-01T10:11:54Z,0,0,0,3,0,0,23.6,853.2,24.2,24.2,51.4,810,6347,0,1.1,105,2.2,2.2,24.1,17.5,19
2026-09-01T10:27:50Z,0,0,0,1.1,0,0,24.2,853,24.7,24.7,49.2,469,2395,0,0.9,105,2,2,24.6,17.6,19.4
2026-09-01T10:42:51Z,0,0,0,2,0,0,24.8,852.6,25.2,25,47.2,633,4251,0,0.5,105,1.7,1.7,24.9,17.6,19.7
2026-09-01T10:58:00Z,0,0,0,2.9,0,0,24.1,852.4,24.6,24.2,48.8,795,6197,0,1.1,201,1.5,1.5,24,17.1,19
2026-09-01T11:13:09Z,0,0,0,0.9,0,0,24,852.1,24.5,24.7,47.8,417,2028,0,1.4,167,3.7,3.7,24.5,17.4,19.4
2026-09-01T11:28:18Z,0,0,0,1.5,0,0,23.2,851.9,23.6,23.7,49.7,535,3256,0,0.6,165,1.5,1.5,23.6,16.8,18.6
2026-09-01T11:43:27Z,0,0,0,3.1,0,0,24.8,851.7,24.9,24.9,47.6,830,6737,0,0.7,160,2,2,24.8,17.5,19.6
2026-09-01T11:58:50Z,0,0,0,0.9,0,0,24.9,851.5,25.4,25.4,45.3,433,2116,0,0.7,167,1.5,1.5,25.3,17.6,20
2026-09-01T12:14:00Z,0,0,0,2.6,0,0,24.4,851.3,24.8,25.1,45.7,750,5840,0,0.2,134,0.7,0.7,24.9,17.4,19.7
2026-09-01T12:29:57Z,0,0,0,0.9,0,0,26.2,851.2,25.9,27.5,40.4,432,2115,0,0.7,67,1.5,1.5,27.3,18.5,21.5
2026-09-01T12:45:06Z,0,0,0,0.6,0,0,24.2,851,24.4,24.9,45.6,367,1347,0,0.6,71,1.5,1.5,24.8,17.2,19.6
2026-09-01T13:00:59Z,0,0,0,2.1,0,0,26.1,850.8,26.2,26.9,41.1,649,4847,0,0.2,19,1.1,1.1,26.8,18.1,21.1
2026-09-01T13:16:08Z,0,0,0,0.5,0,0,25,850.9,25.4,25.9,42.6,354,1280,0,0.3,203,1.1,1.1,25.8,17.6,20.4
2026-09-01T13:31:18Z,0,0,0,0.3,0,0,24.6,850.8,24.9,25,44.2,319,931,0,0.3,146,1.3,1.3,24.8,17,19.6
2026-09-01T13:46:27Z,0,0,0,0.3,0,0,24.3,850.8,24.4,24.7,44.3,323,969,0,0.2,119,0.9,0.9,24.5,16.8,19.4
2026-09-01T14:01:56Z,0,0,0,0.4,0,0,24.3,850.8,24.4,24.6,44.3,341,1150,0,0.3,47,0.7,0.7,24.5,16.8,19.3
2026-09-01T14:17:05Z,0,0,0,0.5,0,0,24.5,850.9,24.7,24.9,43.7,343,1195,0,0.2,149,0.7,0.7,24.8,16.9,19.6
2026-09-01T14:32:14Z,0,0,0,0.3,0,0,24.2,850.9,24.4,24.6,43.9,316,862,0,1,151,2.2,2.2,24.4,16.7,19.3
2026-09-01T14:47:23Z,0,0,0,0.3,0,0,24,850.9,24.2,24.4,44.3,307,756,0,1.6,178,2.6,2.6,24.2,16.6,19.1
2026-09-01T15:02:52Z,0,0,0,0.2,0,0,23.9,851,24.1,24.2,45.1,291,605,0,0.7,153,1.7,1.7,24.1,16.6,19
2026-09-01T15:18:01Z,0,0,0,0.1,0,0,23.4,851.1,23.6,23.7,47.3,270,351,0,0.2,105,0.7,0.7,23.6,16.5,18.6
2026-09-01T15:33:10Z,0,0,0,0,0,0,22.8,851.3,23,23.2,48.8,263,275,0,0.5,125,1.7,1.7,23,16.2,18.1
2026-09-01T15:48:19Z,0,0,0,0,0,0,22.4,851.5,22.5,22.7,49.9,260,255,0,1.1,143,2.1,2.1,22.5,16,17.8
2026-09-01T16:04:02Z,0,0,0,0,0,0,21.9,851.5,22.1,22.2,50.9,260,254,0,0.1,197,0.4,0.4,22,15.8,17.3
2026-09-01T16:19:12Z,0,0,0,0,0,0,21.5,851.7,21.7,21.8,51.4,259,254,0,0.1,207,0.4,0.4,21.6,15.5,17
2026-09-01T16:34:21Z,0,0,0,0,0,0,21.3,851.8,21.5,21.6,52.1,260,254,0,0.5,150,1.3,1.3,21.4,15.4,16.8
2026-09-01T16:49:31Z,0,0,0,0,0,0,21.1,852,21.3,21.4,52.9,261,254,0,0.4,141,0.9,0.9,21.2,15.3,16.6
2026-09-01T17:04:58Z,0,0,0,0,0,0,20.9,852.1,21,21.2,53.5,260,253,0,1.2,174,1.7,1.7,21,15.2,16.4
2026-09-01T17:20:07Z,0,0,0,0,0,0,20.7,852.3,20.9,21,54.7,259,253,0,0.3,115,0.9,0.9,20.8,15.2,16.3
2026-09-01T17:35:17Z,0,0,0,0,0,0,20.5,852.4,20.6,20.9,56.1,260,253,0,0.4,184,1.1,1.1,20.7,15.3,16.2
2026-09-01T17:50:26Z,0,0,0,0,0,0,20.4,852.6,20.5,20.7,57.5,261,254,0,0.4,190,1.1,1.1,20.5,15.3,16
2026-09-01T18:05:35Z,0,0,0,0,0,0,20.2,852.7,20.4,20.5,58.6,260,253,0,0.4,201,1.3,1.3,20.3,15.3,15.9
2026-09-01T18:21:00Z,0,0,0,0,0,0,20.1,852.8,20.3,20.5,59.1,260,254,0,1.2,164,2.2,2.2,20.3,15.3,15.8
2026-09-01T18:36:10Z,0,0,0,0,0,0,20,853,20.2,20.4,59.7,261,254,0,1,167,1.5,1.5,20.2,15.3,15.8
2026-09-01T18:51:20Z,0,0,0,0,0,0,19.8,853.1,19.9,20.2,61.2,260,253,0,0.2,182,0.7,0.7,20,15.3,15.6
2026-09-01T19:06:28Z,0,0,0,0,0,0,19.5,853.3,19.7,19.9,63.1,260,252,0,0.5,170,2.2,2.2,19.8,15.3,15.3
2026-09-01T19:21:37Z,0,0,0,0,0,0,19.3,853.5,19.5,19.8,64,260,254,0,0.3,149,1.2,1.2,19.6,15.3,15.2
2026-09-01T19:37:04Z,0,0,0,0,0,0,19.1,853.7,19.2,19.5,66.3,260,254,0,0.7,122,2,2,19.4,15.4,15
2026-09-01T19:52:10Z,0,0,0,0,0,0,18.8,853.8,19,19.3,68,261,252,0,0.2,93,0.7,0.7,19.2,15.4,14.8
2026-09-01T20:07:20Z,0,0,0,0,0,0,18.5,853.8,18.7,18.9,70.1,261,253,0,0,148,0.2,0.2,18.8,15.3,14.5
2026-09-01T20:22:29Z,0,0,0,0,0,0,18.3,853.7,18.5,18.8,71.7,261,252,0,0.8,188,1.7,1.7,18.7,15.3,14.3
2026-09-01T20:37:39Z,0,0,0,0,0,0,18,853.6,18.2,18.5,73.1,261,254,0,1.4,185,2.6,2.6,18.4,15.3,14.1
2026-09-01T20:53:07Z,0,0,0,0,0,0,17.8,853.5,18,18.2,74.3,261,253,0,0.2,114,0.7,0.7,18.1,15.1,13.8
2026-09-01T21:08:17Z,0,0,0,0,0,0,17.5,853.4,17.6,17.9,75.7,259,253,0,0.5,187,1.1,1.1,17.8,15,13.5
2026-09-01T21:23:26Z,0,0,0,0,0,0,17.2,853.3,17.4,17.6,77.2,261,255,0,0.3,186,0.9,0.9,17.5,14.9,13.3
2026-09-01T21:38:36Z,0,0,0,0,0,0,17.1,853.1,17.3,17.5,77.7,260,253,0,0.1,105,0.7,0.7,17.4,14.9,13.2
2026-09-01T21:53:46Z,0,0,0,0,0,0,17,852.9,17.2,17.4,78.5,260,253,0,0.3,171,1.3,1.3,17.3,14.9,13.1
2026-09-01T22:09:09Z,0,0,0,0,0,0,16.8,852.8,17,17.3,80,261,253,0,0.4,110,1.1,1.1,17.2,14.9,13
2026-09-01T22:24:18Z,0,0,0,0,0,0,16.6,852.6,16.7,17,81.1,259,253,0,0.6,106,1.3,1.3,17,14.8,12.7
2026-09-01T22:39:27Z,0,0,0,0,0,0,16.5,852.5,16.6,16.9,81.7,261,254,0,0.3,194,1.3,1.3,16.8,14.7,12.6
2026-09-01T22:54:36Z,0,0,0,0,0,0,16.3,852.4,16.5,16.8,82,260,253,0,0,193,0,0,16.7,14.6,12.5
2026-09-01T23:09:45Z,0,0,0,0,0,0,16.3,852.5,16.5,16.7,82.2,260,254,0,0,194,0,0,16.7,14.6,12.5
2026-09-01T23:25:12Z,0,0,0,0,0,0,16.4,852.4,16.5,16.8,82,260,253,0,0,194,0.2,0.2,16.7,14.7,12.5
2026-09-01T23:40:21Z,0,0,0,0,0,0,16.4,852.4,16.5,16.8,82.2,261,254,0,1.1,194,1.7,1.7,16.7,14.7,12.5
2026-09-01T23:55:30Z,0,0,0,0,0,0,16.3,852.3,16.4,16.7,83.2,260,253,0,0.3,194,0.7,0.7,16.7,14.7,12.5
2026-09-02T00:00:32Z,0,0,0,0,0,0,16.2,852.2,16.4,16.7,83.6,260,253,0,0.2,194,0.4,0.4,16.6,14.7,12.4
2026-09-02T00:15:42Z,0,0,0,0,0,0,16.2,852.2,16.3,16.6,84,260,253,0,0.2,194,0.7,0.7,16.6,14.7,12.3
2026-09-02T00:31:16Z,0,0,0,0,0,0,16.1,852.2,16.3,16.6,84.2,261,254,0,0.1,194,0.4,0.4,16.6,14.7,12.3
2026-09-02T00:47:08Z,0,0,0,0,0,0,16.2,852.3,16.3,16.6,83.7,260,253,0,0.3,194,0.7,0.7,16.5,14.7,12.3
2026-09-02T01:02:32Z,0,0,0,0,0,0,16.1,852.3,16.2,16.5,84.9,260,254,0,0.7,194,1.1,1.1,16.5,14.8,12.3
2026-09-02T01:17:41Z,0,0,0,0,0,0,15.9,852.5,16.2,16.4,86,261,252,0,0.1,194,0.4,0.4,16.4,14.7,12.2
2026-09-02T01:32:50Z,0,0,0,0,0,0,15.9,852.7,16.1,16.3,86.4,260,253,0,0.7,194,1.2,1.2,16.3,14.7,12.1
2026-09-02T01:48:00Z,0,0,0,0,0,0,15.9,852.9,16.2,16.3,86.7,260,254,0,0.6,194,0.9,0.9,16.3,14.8,12.1
2026-09-02T02:03:10Z,0,0,0,0,0,0,15.9,852.9,16.2,16.3,86.5,260,253,0,0.1,194,0.4,0.4,16.3,14.7,12.1
2026-09-02T02:18:36Z,0,0,0,0,0,0,15.8,853.1,16.1,16.2,86.3,259,253,0,0,194,0.2,0.2,16.2,14.6,12
2026-09-02T02:33:45Z,0,0,0,0,0,0,15.7,853.1,16.1,16.2,86.3,260,254,0,0.1,194,0.4,0.4,16.1,14.6,11.9
2026-09-02T02:48:55Z,0,0,0,0,0,0,15.7,853.2,16,16.1,86.3,262,253,0,0,153,0.4,0.4,16.1,14.5,11.9
2026-09-02T03:04:05Z,0,0,0,0,0,0,15.6,853.2,16,16.1,86.3,260,253,0,0.1,89,0.4,0.4,16,14.5,11.8
2026-09-02T03:19:31Z,0,0,0,0,0,0,15.6,853.2,15.9,16,86.2,261,258,0,0,92,0,0,16,14.4,11.8
2026-09-02T03:34:40Z,0,0,0,0,0,0,15.6,853.2,15.9,16,86.1,262,271,0,0,163,0.2,0.2,16,14.4,11.8
2026-09-02T03:49:51Z,0,0,0,0,0,0,15.6,853.4,15.9,16,86.2,265,317,0,0.1,163,0.7,0.7,16,14.4,11.8
2026-09-02T04:05:00Z,0,0,0,0.1,0,0,15.7,853.5,16,16.1,86.1,277,439,0,0.4,163,0.7,0.7,16.1,14.5,11.9
2026-09-02T04:20:09Z,0,0,0,0.2,0,0,15.8,853.7,16.1,16.2,86,290,596,0,0.3,163,0.7,0.7,16.2,14.6,12
2026-09-02T04:35:34Z,0,0,0,0.2,0,0,16.1,853.9,16.3,16.5,85.1,302,712,0,0.2,163,0.4,0.4,16.5,14.7,12.2
2026-09-02T04:50:44Z,0,0,0,0.3,0,0,16.4,854.1,16.5,16.8,84.1,314,857,0,0.1,163,0.7,0.7,16.7,14.9,12.5
2026-09-02T05:05:53Z,0,0,0,0.4,0,0,16.3,854.3,16.5,16.8,83.6,332,1050,0,0.1,163,0.4,0.4,16.7,14.8,12.5
2026-09-02T05:21:02Z,0,0,0,0.5,0,0,16.5,854.4,16.8,17,82.4,344,1224,0,0.8,163,1.4,1.4,17,14.9,12.7
2026-09-02T05:36:12Z,0,0,0,0.5,0,0,16.7,854.7,16.9,17.2,81.1,347,1250,0,1.1,163,2.2,2.2,17.1,15,12.9
2026-09-02T05:51:37Z,0,0,0,0.6,0,0,17,854.7,17.2,17.4,80.5,376,1587,0,0.1,171,0.4,0.4,17.4,15.1,13.1
2026-09-02T06:06:47Z,0,0,0,0.8,0,0,17.4,854.9,17.8,17.9,77.8,412,1970,0,0.2,172,0.7,0.7,17.8,15.3,13.6
2026-09-02T06:21:56Z,0,0,0,1,0,0,18.8,854.8,19.1,19.2,73,439,2261,0,0.3,172,0.9,0.9,19.2,15.9,14.8
2026-09-02T06:37:06Z,0,0,0,0.8,0,0,18.9,854.7,19.2,19.3,71,400,1865,0,0.2,172,0.7,0.7,19.2,15.8,14.9
2026-09-02T06:52:15Z,0,0,0,1.8,0,0,20.6,854.7,20.8,20.8,68.1,591,3879,0,0.4,172,0.9,0.9,20.8,16.8,16.2
2026-09-02T07:07:41Z,0,0,0,3.2,0,0,21.2,854.4,20.8,20.8,64.1,862,7257,0,0.8,172,1.3,1.3,20.7,16.3,16.2
2026-09-02T07:22:50Z,0,0,0,1,0,0,20.2,854.4,20.1,20.1,65.1,452,2420,0,0.3,200,0.8,0.8,20,15.8,15.6
2026-09-02T07:38:00Z,0,0,0,1.2,0,0,21.1,854.3,21.6,21.6,58.9,476,2633,0,0.8,200,1.3,1.3,21.5,16.3,16.8
2026-09-02T07:53:09Z,0,0,0,3.6,0,0,21.8,854.2,21.9,22.1,57.5,921,7818,0,0.3,200,1.1,1.1,22,16.5,17.3
2026-09-02T08:08:18Z,0,0,0,1.8,0,0,22.7,854,23.2,22.9,54.1,600,3917,0,0.4,197,1.3,1.3,22.8,16.8,18
2026-09-02T08:23:44Z,0,0,0,4.1,0,0,22.5,853.9,23.1,23.2,53.3,1013,8830,0,0.7,197,1.3,1.3,23.1,16.9,18.2
2026-09-02T08:38:53Z,0,0,0,3.7,0,0,24,853.7,24.4,24.7,49.2,954,8047,0,0.2,124,0.7,0.7,24.6,17.6,19.5
2026-09-02T08:54:02Z,0,0,0,4,0,0,24,853.5,24.8,24.8,48.5,1001,8566,0,0.4,200,1.1,1.1,24.6,17.5,19.5
2026-09-02T09:09:11Z,0,0,0,3.9,0,0,24.4,853.3,24.9,24.9,47,981,8357,0,0.9,60,2,2,24.7,17.4,19.6
2026-09-02T09:24:53Z,0,0,0,4,0,0,24.1,853.1,24.9,24.5,46.7,997,8530,0,0.6,192,1.7,1.7,24.4,17.1,19.3
2026-09-02T09:40:01Z,0,0,0,1.1,0,0,24.3,852.8,24.9,24.5,46.5,467,2338,0,0.8,192,1.5,1.5,24.3,17,19.2
2026-09-02T09:55:10Z,0,0,0,3.1,0,0,24.7,852.5,25.3,24.6,47.5,840,6699,0,0.7,197,1.9,1.9,24.5,17.3,19.4
2026-09-02T10:10:18Z,0,0,0,3.7,0,0,24.8,852.3,25.6,25.7,44.2,939,7828,0,0.5,183,1.3,1.3,25.6,17.7,20.2
2026-09-02T10:25:26Z,0,0,0,3.7,0,0,26.1,851.9,26.7,26.6,41.5,954,8045,0,0.3,165,0.9,0.9,26.5,18,20.9
2026-09-02T10:40:50Z,0,0,0,3.4,0,0,26.7,851.6,27.1,27.3,39.3,891,7304,0,1.2,145,2.6,2.6,27,18.1,21.3
2026-09-02T10:55:59Z,0,0,0,3.5,0,0,26.9,851.4,26.8,27.5,38.9,904,7505,0,0.2,53,0.7,0.7,27.2,18.2,21.4
2026-09-02T11:11:07Z,0,0,0,3.4,0,0,27.5,851.2,28,28.4,36.2,889,7304,0,1.5,139,3.5,3.5,27.7,18.4,21.8
2026-09-02T11:26:15Z,0,0,0,3.2,0,0,28.5,850.8,28.8,29.2,35.1,851,6916,0,0.1,139,0.4,0.4,28.4,18.9,22.3
2026-09-02T11:41:23Z,0,0,0,3,0,0,27.1,850.8,27.3,27.9,36.4,822,6588,0,0.9,43,2,2,27.3,18,21.5
2026-09-02T11:56:32Z,0,0,0,0.7,0,0,27.1,850.6,27.7,27.9,36.4,380,1441,0,0,173,0.2,0.2,27.4,18.1,21.5
2026-09-02T12:11:53Z,0,0,0,2.5,0,0,27.8,850.3,28,28.9,36.3,714,5422,0,1.2,165,2.8,2.8,28.2,18.8,22.2
2026-09-02T12:27:01Z,0,0,0,2.4,0,0,27.5,850.3,27.5,28.1,37.6,697,5251,0,1,83,2,2,27.6,18.5,21.8
2026-09-02T12:42:09Z,0,0,0,1.9,0,0,27.3,850.2,27.6,28.2,38.3,618,4338,0,1.1,57,2,2,27.8,18.7,21.9
2026-09-02T12:57:18Z,0,0,0,1.7,0,0,28.2,850.2,28.6,29.3,35.9,573,3798,0,0.4,112,2,2,28.5,19.1,22.4
2026-09-02T13:12:27Z,0,0,0,1,0,0,26.9,850.1,27.3,27.8,38.7,452,2351,0,0.3,135,1.1,1.1,27.4,18.4,21.6
2026-09-02T13:27:55Z,0,0,0,1.3,0,0,26.4,849.9,26.7,27.2,39.1,506,3113,0,0.4,139,1.1,1.1,27,18,21.3
2026-09-02T13:43:03Z,0,0,0,0.9,0,0,26.4,850.1,26.8,27.2,38.3,424,2110,0,0.2,150,1.2,1.2,26.9,17.9,21.2
2026-09-02T13:58:12Z,0,0,0,0.8,0,0,26.2,850,26.6,27.1,38.6,410,1993,0,1.3,75,2.8,2.8,26.9,17.9,21.2
2026-09-02T14:13:21Z,0,0,0,0.6,0,0,25.9,850,26.3,26.9,39.1,374,1592,0,1,69,1.7,1.7,26.8,17.8,21.1
2026-09-02T14:28:30Z,0,0,0,0.4,0,0,25.1,850.2,25.4,25.7,41,326,976,0,0.4,136,1.1,1.1,25.5,17.1,20.2
2026-09-02T14:43:58Z,0,0,0,0.3,0,0,24.7,850.4,24.9,25.1,42.3,305,733,0,0.9,137,2.2,2.2,25,16.9,19.7
2026-09-02T14:59:06Z,0,0,0,0.2,0,0,24.3,850.5,24.5,24.7,42.7,284,481,0,0.4,131,1.3,1.3,24.5,16.6,19.4
2026-09-02T15:14:14Z,0,0,0,0.1,0,0,23.7,850.5,23.9,24,44.7,273,357,0,0.3,148,0.9,0.9,23.8,16.3,18.8
2026-09-02T15:29:22Z,0,0,0,0,0,0,23.2,850.6,23.4,23.5,45.8,264,287,0,0.7,129,2,2,23.3,16.1,18.4
2026-09-02T15:44:31Z,0,0,0,0,0,0,22.7,850.8,22.9,23.1,45.9,260,258,0,0.2,126,1.3,1.3,22.9,15.7,18
2026-09-02T15:59:40Z,0,0,0,0,0,0,22.3,850.9,22.4,22.6,46.6,260,253,0,0.5,108,1.1,1.1,22.4,15.4,17.6
2026-09-02T16:15:01Z,0,0,0,0,0,0,21.9,851.1,22.1,22.3,47.7,261,253,0,0,139,0,0,22,15.3,17.3
2026-09-02T16:30:10Z,0,0,0,0,0,0,21.7,851.1,21.8,22,48.6,261,254,0,0.8,119,2,2,21.7,15.2,17.1
2026-09-02T16:45:18Z,0,0,0,0,0,0,21.5,851.3,21.7,21.9,49.4,259,253,0,0,143,0.2,0.2,21.6,15.2,17
2026-09-02T17:00:27Z,0,0,0,0,0,0,21,851.5,21.2,21.4,52,262,252,0,0.5,143,1.3,1.3,21.2,15.2,16.6
2026-09-02T17:15:35Z,0,0,0,0,0,0,20.6,851.8,20.9,21,53.9,261,254,0,0.5,144,1.5,1.5,20.8,15.1,16.3
2026-09-02T17:31:04Z,0,0,0,0,0,0,20.3,851.9,20.5,20.7,55.1,261,253,0,0.4,149,1.5,1.5,20.5,15,16
2026-09-02T17:46:13Z,0,0,0,0,0,0,20,852,20.2,20.4,56.2,260,254,0,0.5,148,2,2,20.2,14.9,15.7
2026-09-02T18:01:13Z,0,0,0,0,0,0,19.7,852.2,19.9,20.1,57.3,261,254,0,0,118,0.2,0.2,19.9,14.8,15.5
2026-09-02T18:16:21Z,0,0,0,0,0,0,19.4,852.4,19.6,19.8,58.5,260,253,0,0,113,0.4,0.4,19.6,14.6,15.2
2026-09-02T18:31:30Z,0,0,0,0,0,0,19.2,852.5,19.3,19.6,59.3,261,253,0,0,133,0,0,19.4,14.5,15
2026-09-02T18:46:39Z,0,0,0,0,0,0,19,852.5,19.2,19.4,60.1,260,253,0,0.5,190,1.3,1.3,19.2,14.5,14.8
2026-09-02T19:02:08Z,0,0,0,0,0,0,18.8,852.6,18.9,19.2,60.9,259,253,0,0.4,144,1.3,1.3,18.9,14.4,14.6
2026-09-02T19:17:17Z,0,0,0,0,0,0,18.6,852.6,18.8,18.9,62.1,261,253,0,0,145,0,0,18.7,14.3,14.4
2026-09-02T19:32:17Z,0,0,0,0,0,0,18.3,852.7,18.4,18.6,63,261,253,0,0.1,145,0.2,0.2,18.4,14.2,14.1
2026-09-02T19:47:26Z,0,0,0,0,0,0,18.1,852.8,18.2,18.5,63.3,259,253,0,0,137,0,0,18.3,14.1,14
2026-09-02T20:02:35Z,0,0,0,0,0,0,17.6,852.9,17.6,17.9,65.5,260,254,0,0.4,137,1.1,1.1,17.6,13.7,13.4
2026-09-02T20:17:44Z,0,0,0,0,0,0,17.3,853,17.4,17.6,66,260,253,0,0,137,0,0,17.4,13.6,13.2
2026-09-02T20:33:13Z,0,0,0,0,0,0,16.7,853,16.7,17.1,68.4,260,253,0,0,137,0,0,16.8,13.4,12.6
2026-09-02T20:48:22Z,0,0,0,0,0,0,16.5,852.8,16.7,16.9,70.6,261,253,0,0,137,0,0,16.7,13.4,12.4
2026-09-02T21:03:32Z,0,0,0,0,0,0,16.2,852.6,16.3,16.5,72.2,260,254,0,0,137,0,0,16.3,13.3,12.1
2026-09-02T21:18:41Z,0,0,0,0,0,0,15.8,852.4,16,16.1,73.5,259,254,0,0,137,0,0,15.9,13.1,11.7
2026-09-02T21:33:51Z,0,0,0,0,0,0,15.3,852.2,15.7,15.8,74.3,259,253,0,0,137,0,0,15.6,12.8,11.4
2026-09-02T21:49:15Z,0,0,0,0,0,0,14.9,852,15.1,15.3,75.7,260,254,0,0,137,0,0,15.1,12.5,10.9
2026-09-02T22:04:25Z,0,0,0,0,0,0,14.5,851.9,14.8,15,77.4,260,253,0,0.4,136,1.1,1.1,14.8,12.4,10.6
2026-09-02T22:19:35Z,0,0,0,0,0,0,14.3,851.9,14.6,14.7,78.7,260,254,0,0,137,0,0,14.5,12.3,10.3
2026-09-02T22:34:45Z,0,0,0,0,0,0,14,851.5,14.2,14.4,80.2,260,253,0,0,137,0,0,14.2,12.2,10
2026-09-02T22:50:11Z,0,0,0,0,0,0,13.7,851.5,14.1,14.2,82.1,261,253,0,0,137,0,0,14,12.1,9.8
2026-09-02T23:05:20Z,0,0,0,0,0,0,13.6,851.4,13.9,14,84.2,261,253,0,0,137,0,0,13.8,12.2,9.6
2026-09-02T23:20:28Z,0,0,0,0,0,0,13.6,851.3,13.9,14,85.5,261,254,0,0,137,0,0,13.9,12.4,9.7
2026-09-02T23:36:17Z,0,0,0,0,0,0,13.5,851.1,13.8,14,87.9,260,254,0,0,137,0,0,13.8,12.6,9.6
2026-09-02T23:51:41Z,0,0,0,0,0,0,13.4,851,13.7,13.8,89.2,260,253,0,0,137,0,0,13.7,12.6,9.5
2026-09-03T00:00:46Z,0,0,0,0,0,0,13.4,851.2,13.6,13.8,90.3,261,253,0,0,137,0,0,13.7,12.7,9.4
2026-09-03T00:15:55Z,0,0,0,0,0,0,13.3,851.3,13.7,13.8,90.9,260,252,0,0,137,0,0,13.7,12.7,9.5
2026-09-03T00:31:03Z,0,0,0,0,0,0,13.4,851.2,13.8,13.9,89.4,260,254,0,0.1,137,0.4,0.4,13.8,12.7,9.6
2026-09-03T00:46:12Z,0,0,0,0,0,0,13.6,851.2,13.8,14,88.3,260,253,0,0.4,344,0.9,0.9,13.9,12.7,9.6
2026-09-03T01:01:21Z,0,0,0,0,0,0,13.7,851.1,13.9,14.1,88,260,253,0,0.2,343,0.4,0.4,14,12.8,9.8
2026-09-03T01:16:42Z,0,0,0,0,0,0,14,851.3,14.2,14.4,87.8,262,253,0,0,342,0,0,14.3,13,10.1
2026-09-03T01:31:52Z,0,0,0,0,0,0,14.2,851.3,14.6,14.6,87.8,260,253,0,0,342,0,0,14.6,13.2,10.4
2026-09-03T01:47:02Z,0,0,0,0,0,0,14.4,851.4,14.8,14.9,88.1,259,253,0,0.1,343,0.4,0.4,14.8,13.5,10.6
2026-09-03T02:02:11Z,0,0,0,0,0,0,14.5,851.6,14.8,14.9,88.8,260,253,0,0,339,0,0,14.8,13.6,10.6
2026-09-03T02:17:20Z,0,0,0,0,0,0,14.6,851.6,14.9,15,89.2,261,253,0,0,339,0,0,15,13.8,10.8
2026-09-03T02:32:51Z,0,0,0,0,0,0,14.7,851.6,15,15.1,89.2,260,254,0,0,339,0,0,15.1,13.9,10.9
2026-09-03T02:48:00Z,0,0,0,0,0,0,14.8,851.8,15.1,15.2,88.9,261,254,0,0,339,0,0,15.1,13.9,10.9
2026-09-03T03:03:10Z,0,0,0,0,0,0,14.9,851.9,15.1,15.3,88.4,260,254,0,0,340,0.2,0.2,15.2,13.9,11
2026-09-03T03:18:19Z,0,0,0,0,0,0,14.9,852.1,15.2,15.4,88.1,259,254,0,0,339,0,0,15.3,14,11.1
2026-09-03T03:33:47Z,0,0,0,0,0,0,15,852.3,15.3,15.4,87.7,261,261,0,0,339,0,0,15.4,14,11.2
2026-09-03T03:48:56Z,0,0,0,0,0,0,15.1,852.4,15.5,15.5,87.8,264,302,0,0,48,0,0,15.5,14.1,11.3
2026-09-03T04:04:05Z,0,0,0,0.1,0,0,15.3,852.7,15.7,15.7,86.5,269,348,0,0.3,48,1.1,1.1,15.7,14.2,11.5
2026-09-03T04:19:14Z,0,0,0,0.1,0,0,15.3,852.7,15.7,15.8,86.7,276,428,0,0,127,0,0,15.7,14.2,11.5
2026-09-03T04:34:23Z,0,0,0,0.1,0,0,15.5,852.9,15.8,15.9,86,282,513,0,0,127,0,0,15.9,14.3,11.7
2026-09-03T04:49:52Z,0,0,0,0.2,0,0,15.8,853.1,16.1,16.2,84.7,293,638,0,0,127,0,0,16.1,14.4,11.9
2026-09-03T05:05:21Z,0,0,0,0.3,0,0,16,853.1,16.3,16.3,83.7,308,800,0,0,127,0,0,16.3,14.4,12.1
2026-09-03T05:20:30Z,0,0,0,0.4,0,0,16.4,853.1,16.6,16.8,81.7,329,1037,0,0,127,0.2,0.2,16.7,14.7,12.5
2026-09-03T05:35:53Z,0,0,0,0.5,0,0,16.4,853.3,16.7,17,79,349,1254,0,0.5,127,1.1,1.1,16.9,14.5,12.6
2026-09-03T05:51:02Z,0,0,0,0.6,0,0,16.9,853.4,17.2,17.4,77.1,362,1410,0,0.4,127,0.9,0.9,17.3,14.7,13.1
2026-09-03T06:06:11Z,0,0,0,0.7,0,0,17.2,853.4,17.6,17.8,75.8,389,1716,0,0.1,127,0.7,0.7,17.7,14.9,13.4
2026-09-03T06:21:19Z,0,0,0,0.8,0,0,17.9,853.5,17.9,18.2,74,405,1880,0,0,127,0.2,0.2,18.1,15.1,13.8
2026-09-03T06:36:28Z,0,0,0,0.6,0,0,18,853.5,18.2,18.5,71.9,374,1543,0,0.2,127,0.7,0.7,18.3,15.1,14
2026-09-03T06:51:56Z,0,0,0,0.8,0,0,18.1,853.3,18.3,18.6,68.5,409,1943,0,0.1,127,0.5,0.5,18.4,14.8,14.1
2026-09-03T07:07:05Z,0,0,0,0.7,0,0,18.4,853.4,18.6,19,68.1,395,1765,0,0.7,83,1.1,1.1,18.8,15.1,14.5
2026-09-03T07:22:05Z,0,0,0,0.7,0,0,18.3,853.4,18.6,18.9,67.3,389,1693,0,0.1,80,0.2,0.2,18.8,15,14.5
2026-09-03T07:37:14Z,0,0,0,0.8,0,0,19.2,853.1,19.4,19.5,65.4,410,1941,0,0.2,79,0.7,0.7,19.4,15.3,15
2026-09-03T07:52:23Z,0,0,0,1.1,0,0,19.4,853.1,19.4,19.5,65.3,456,2466,0,0.1,123,0.2,0.2,19.4,15.3,15
2026-09-03T08:07:33Z,0,0,0,1.5,0,0,20,852.9,20.5,20.4,61.6,540,3386,0,0.4,126,0.7,0.7,20.2,15.6,15.8
2026-09-03T08:23:00Z,0,0,0,1.4,0,0,20.7,852.8,21.1,21.3,59.5,525,3234,0,0.1,126,0.7,0.7,21.1,16.1,16.6
2026-09-03T08:38:09Z,0,0,0,4.4,0,0,21.4,852.7,21.9,21.5,58.4,1075,9671,0,0.2,126,0.7,0.7,21.3,16.1,16.7
2026-09-03T08:53:18Z,0,0,0,1.7,0,0,22.4,852.5,23.1,23,53.5,568,3681,0,0.2,126,1.1,1.1,22.8,16.7,18
2026-09-03T09:08:28Z,0,0,0,4,0,0,21.7,852.2,21.9,21.7,56.4,1010,8793,0,1.2,264,2,2,21.6,16.1,16.9
2026-09-03T09:23:37Z,0,0,0,3.9,0,0,23.4,852.1,23.4,24,51.1,982,8364,0,0.8,35,1.3,1.3,23.9,17.3,18.8
2026-09-03T09:39:03Z,0,0,0,3.6,0,0,23.4,851.7,23.6,24.3,50.1,934,7863,0,0,36,0.2,0.2,24.2,17.4,19.1
2026-09-03T09:54:12Z,0,0,0,3.5,0,0,24.3,851.4,24.1,24,49.8,909,7524,0,1.1,35,1.5,1.5,23.9,17.1,18.8
2026-09-03T10:09:22Z,0,0,0,3.5,0,0,24,851,24.2,24.5,48.9,913,7545,0,0.2,36,0.9,0.9,24.4,17.4,19.3
2026-09-03T10:24:31Z,0,0,0,3.4,0,0,24.4,850.7,24.6,24.6,48.1,893,7344,0,0.7,35,2.2,2.2,24.5,17.4,19.4
2026-09-03T10:39:57Z,0,0,0,3.3,0,0,24.8,850.3,25.2,25.6,45.6,866,7083,0,0.7,131,2.7,2.7,25.5,17.8,20.2
2026-09-03T10:55:06Z,0,0,0,3.1,0,0,24.5,850.2,25.1,25,47.5,835,6796,0,1.3,227,2,2,24.8,17.6,19.6
2026-09-03T11:10:15Z,0,0,0,3,0,0,24.8,849.9,25.4,25.1,47.1,821,6579,0,1.1,249,2,2,25,17.7,19.8
2026-09-03T11:25:23Z,0,0,0,2.8,0,0,25.8,849.6,26.4,26.6,45.7,774,6098,0,0.4,128,1.1,1.1,26.6,18.7,21
2026-09-03T11:40:32Z,0,0,0,2.7,0,0,25.4,849.5,26.2,26.1,43.9,761,5903,0,0.2,130,0.7,0.7,26,18,20.6
2026-09-03T11:55:59Z,0,0,0,2.4,0,0,26,849.3,26.6,26.5,43.5,712,5393,0,1.2,128,1.7,1.7,26.4,18.2,20.9
2026-09-03T12:11:08Z,0,0,0,2.3,0,0,26.8,849.2,27.1,27.6,42.7,686,5172,0,1.3,46,2.8,2.8,27.5,19,21.7
2026-09-03T12:26:16Z,0,0,0,2.1,0,0,27,848.9,27.2,27.9,42,643,4647,0,1.9,72,3.1,3.1,27.7,19.1,21.8
2026-09-03T12:41:25Z,0,0,0,1.9,0,0,26.7,849,26.8,27.9,42.1,619,4444,0,0.6,51,2,2,27.8,19.2,21.8
2026-09-03T12:56:33Z,0,0,0,0.7,0,0,26.2,848.9,26.4,27.2,43.2,391,1488,0,1.6,74,2.2,2.2,27.2,18.7,21.4
2026-09-03T13:12:02Z,0,0,0,1.4,0,0,26,848.9,26.4,27.1,42.9,525,3418,0,1.1,125,1.5,1.5,27.1,18.6,21.4
2026-09-03T13:27:10Z,0,0,0,1.3,0,0,25.6,848.8,25.7,26.7,43.4,497,3043,0,1.7,92,2.4,2.4,26.7,18.4,21
2026-09-03T13:42:19Z,0,0,0,0.5,0,0,25.7,848.8,26.2,26.7,43.5,357,1233,0,1.4,150,3.1,3.1,26.7,18.4,21
2026-09-03T13:57:28Z,0,0,0,0.4,0,0,26,848.9,26.4,27.1,43.3,336,956,0,0.8,108,2.2,2.2,27.2,18.7,21.4
2026-09-03T14:12:36Z,0,0,0,0.6,0,0,25.2,848.8,25.6,26.2,45.1,372,1562,0,0.7,43,1.1,1.1,26.1,18.2,20.6
2026-09-03T14:27:44Z,0,0,0,0.3,0,0,24.6,849,24.8,25.1,47.3,315,834,0,0,44,0,0,25,17.6,19.8
2026-09-03T14:43:05Z,0,0,0,0.2,0,0,24.1,849,24.3,24.5,47.8,296,565,0,1.1,45,1.5,1.5,24.4,17.3,19.3
2026-09-03T14:58:11Z,0,0,0,0.2,0,0,23.7,849.2,23.9,24.1,49.3,284,461,0,0.1,102,0.9,0.9,24,17.1,18.9
2026-09-03T15:13:20Z,0,0,0,0.1,0,0,23.1,849.2,23.3,23.5,50.6,269,322,0,1.7,88,3.9,3.9,23.4,16.8,18.5
2026-09-03T15:28:29Z,0,0,0,0,0,0,22.6,849.3,22.8,23,52.1,264,280,0,0.3,122,0.9,0.9,22.9,16.6,18
2026-09-03T15:43:38Z,0,0,0,0,0,0,22.2,849.5,22.4,22.5,53.4,261,257,0,0.4,162,1.1,1.1,22.4,16.4,17.6
2026-09-03T15:58:47Z,0,0,0,0,0,0,21.8,849.7,21.9,22.1,54.4,260,254,0,0.1,127,0.7,0.7,22,16.2,17.3
2026-09-03T16:14:09Z,0,0,0,0,0,0,21.5,849.8,21.7,21.8,55.2,260,253,0,0.3,127,0.7,0.7,21.6,16,17
2026-09-03T16:29:18Z,0,0,0,0,0,0,21.3,850,21.4,21.6,55.6,260,254,0,0.2,131,0.9,0.9,21.5,15.9,16.8
2026-09-03T16:44:27Z,0,0,0,0,0,0,21,850,21.1,21.3,56,260,253,0,0.2,130,1.1,1.1,21.2,15.7,16.6
2026-09-03T16:59:37Z,0,0,0,0,0,0,20.8,850,21,21.2,56.3,261,254,0,0.1,126,0.7,0.7,21,15.6,16.4
2026-09-03T17:14:46Z,0,0,0,0,0,0,20.5,850.3,20.7,20.9,57.3,260,253,0,0.1,126,0.2,0.2,20.7,15.4,16.2
2026-09-03T17:30:12Z,0,0,0,0,0,0,20.8,850.3,20.9,21,57,261,253,0,0.5,88,0.9,0.9,20.9,15.5,16.3
2026-09-03T17:45:21Z,0,0,0,0,0,0,20.8,850.5,21,21.2,55.9,261,254,0,0.4,123,1.1,1.1,21,15.5,16.4
2026-09-03T18:00:31Z,0,0,0,0,0,0,20.7,850.5,20.9,21,55.8,260,254,0,0.3,107,0.7,0.7,20.8,15.4,16.3
2026-09-03T18:15:40Z,0,0,0,0,0,0,20.4,850.6,20.6,20.8,55.8,260,254,0,0.9,113,1.7,1.7,20.5,15.1,16
2026-09-03T18:31:22Z,0,0,0,0,0,0,20.1,850.7,20.3,20.5,56.8,259,253,0,0.3,48,0.9,0.9,20.3,15,15.8
2026-09-03T18:46:31Z,0,0,0,0,0,0,19.9,850.8,20.1,20.3,57.3,261,254,0,0.1,129,0.4,0.4,20,14.9,15.6
2026-09-03T19:01:40Z,0,0,0,0,0,0,19.8,850.8,19.9,20.1,57.6,260,254,0,0.1,126,0.4,0.4,19.9,14.8,15.5
2026-09-03T19:16:50Z,0,0,0,0,0,0,19.7,851,19.8,20,58,260,253,0,0.6,86,2.8,2.8,19.8,14.8,15.4
2026-09-03T19:32:16Z,0,0,0,0,0,0,19.4,851,19.6,19.8,59,259,253,0,0.3,130,0.9,0.9,19.6,14.7,15.2
2026-09-03T19:47:26Z,0,0,0,0,0,0,19.1,851.1,19.3,19.5,59.9,259,253,0,0.5,109,1.5,1.5,19.3,14.5,14.9
2026-09-03T20:02:36Z,0,0,0,0,0,0,19.1,851.3,19.2,19.5,60.5,261,255,0,0.4,144,1.1,1.1,19.3,14.6,14.9
2026-09-03T20:17:45Z,0,0,0,0,0,0,18.7,851.4,18.9,19.1,62,260,254,0,0.5,148,1.5,1.5,18.9,14.5,14.6
2026-09-03T20:32:54Z,0,0,0,0,0,0,18.2,851.2,18.4,18.6,64.7,261,253,0,0.6,130,1.1,1.1,18.4,14.3,14.1
2026-09-03T20:48:20Z,0,0,0,0,0,0,17.8,851.2,18,18.2,66.8,260,253,0,0.6,129,1.1,1.1,18,14.2,13.7
2026-09-03T21:03:29Z,0,0,0,0,0,0,17.4,851.4,17.5,17.8,68,260,252,0,0,130,0,0,17.6,14,13.3
2026-09-03T21:18:38Z,0,0,0,0,0,0,17.1,851.3,17.2,17.4,70.7,261,253,0,0.5,130,1.1,1.1,17.3,14,13
2026-09-03T21:33:47Z,0,0,0,0,0,0,16.8,851,17,17.3,71.7,260,253,0,0,130,0,0,17.1,13.9,12.9
2026-09-03T21:48:57Z,0,0,0,0,0,0,16.6,850.9,16.8,17,73.4,260,254,0,0.1,130,0.9,0.9,16.9,13.9,12.6
2026-09-03T22:04:23Z,0,0,0,0,0,0,16.4,850.6,16.6,16.8,74.6,259,253,0,0.1,130,0.7,0.7,16.7,13.9,12.5
2026-09-03T22:19:47Z,0,0,0,0,0,0,16.2,850.5,16.4,16.6,75,260,253,0,0,130,0,0,16.5,13.7,12.3
2026-09-03T22:35:11Z,0,0,0,0,0,0,15.8,850.4,16.1,16.2,77.1,259,255,0,0,130,0,0,16,13.5,11.8
2026-09-03T22:50:21Z,0,0,0,0,0,0,15.4,850.2,15.7,15.8,78.8,260,253,0,0,130,0,0,15.6,13.3,11.4
2026-09-03T23:05:30Z,0,0,0,0,0,0,15,850.1,15.1,15.3,80,260,253,0,0,130,0,0,15.2,13.1,11
2026-09-03T23:20:40Z,0,0,0,0,0,0,14.6,850,14.9,15,81.7,260,253,0,0,130,0,0,14.8,12.9,10.6
2026-09-03T23:36:04Z,0,0,0,0,0,0,14.3,849.8,14.5,14.6,83.4,260,254,0,0,130,0,0,14.5,12.8,10.3
2026-09-03T23:51:12Z,0,0,0,0,0,0,14,849.6,14.3,14.4,83.8,261,253,0,0,130,0,0,14.3,12.6,10.1
2026-09-04T00:00:17Z,0,0,0,0,0,0,13.8,849.8,14.1,14.2,85.1,261,253,0,0,130,0,0,14.1,12.5,9.9
2026-09-04T00:15:26Z,0,0,0,0,0,0,13.5,849.9,13.8,13.9,85.2,260,253,0,0,130,0,0,13.8,12.3,9.6
2026-09-04T00:30:34Z,0,0,0,0,0,0,13.3,849.8,13.6,13.8,87.1,261,253,0,0,130,0,0,13.6,12.3,9.4
2026-09-04T00:45:43Z,0,0,0,0,0,0,13.2,849.8,13.5,13.7,88,260,252,0,0,130,0,0,13.5,12.3,9.3
2026-09-04T01:01:12Z,0,0,0,0,0,0,13.1,849.6,13.4,13.5,88.4,261,252,0,0,130,0,0,13.4,12.2,9.2
2026-09-04T01:16:22Z,0,0,0,0,0,0,12.9,849.8,13.2,13.4,88.3,261,254,0,0,130,0,0,13.3,12.1,9
2026-09-04T01:31:31Z,0,0,0,0,0,0,12.6,850,12.9,13.1,88.4,261,253,0,0,130,0,0,12.9,11.8,8.6
2026-09-04T01:46:40Z,0,0,0,0,0,0,12.4,850.1,12.6,12.8,88.8,261,253,0,0,130,0,0,12.7,11.6,8.4
2026-09-04T02:01:49Z,0,0,0,0,0,0,12.2,850.1,12.4,12.6,89.4,261,253,0,0,130,0,0,12.5,11.5,8.2
2026-09-04T02:17:15Z,0,0,0,0,0,0,12,850.2,12.2,12.4,90.2,262,253,0,0,130,0,0,12.3,11.3,8
2026-09-04T02:32:24Z,0,0,0,0,0,0,11.8,850.5,12.1,12.3,90.7,260,254,0,0,130,0,0,12.1,11.2,7.8
2026-09-04T02:47:33Z,0,0,0,0,0,0,11.9,850.5,12.2,12.4,90.8,260,253,0,0,130,0,0,12.2,11.4,7.9
2026-09-04T03:02:41Z,0,0,0,0,0,0,11.7,850.8,12.1,12.2,90.4,260,253,0,0,130,0,0,12,11.1,7.7
2026-09-04T03:17:50Z,0,0,0,0,0,0,11.5,851,11.8,12,90.2,260,261,0,0,130,0,0,11.8,10.9,7.5
2026-09-04T03:33:17Z,0,0,0,0,0,0,11.4,851,11.6,11.9,90.7,265,302,0,0,130,0,0,11.7,10.8,7.3
2026-09-04T03:48:26Z,0,0,0,0.1,0,0,11.6,851.4,11.9,12.1,91.1,272,386,0,0,130,0,0,11.9,11.1,7.6
2026-09-04T04:03:35Z,0,0,0,0.1,0,0,12.1,851.5,12.4,12.7,88.8,280,483,0,0,130,0,0,12.5,11.4,8.2
2026-09-04T04:18:45Z,0,0,0,0.2,0,0,12.8,851.5,13.1,13.3,86.9,295,658,0,0,158,0,0,13.1,11.8,8.9
2026-09-04T04:35:17Z,0,0,0,0.2,0,0,13.6,851.6,14,14.2,84.1,298,707,0,0,281,0,0,14,12.4,9.8
2026-09-04T04:50:27Z,0,0,0,0.3,0,0,14.3,852,14.6,14.7,84.5,319,927,0,0,282,0.2,0.2,14.5,12.9,10.3
2026-09-04T05:05:36Z,0,0,0,0.4,0,0,14.5,852.1,14.9,14.9,83.6,333,1086,0,0,282,0.2,0.2,14.7,13,10.5
2026-09-04T05:20:45Z,0,0,0,0.5,0,0,14.9,852.2,15.2,15.4,82.2,345,1230,0,0,282,0.2,0.2,15.2,13.3,11
2026-09-04T05:36:13Z,0,0,0,0.5,0,0,15.7,852.3,16.1,16.1,80.7,355,1341,0,0.1,282,0.4,0.4,15.9,13.8,11.7
2026-09-04T05:51:22Z,0,0,0,0.5,0,0,16.1,852.5,16.2,16.4,78.7,346,1248,0,0.6,282,0.9,0.9,16.2,13.9,12
2026-09-04T06:06:32Z,0,0,0,0.4,0,0,16,852.7,16.3,16.3,79.4,337,1158,0,0,281,0,0,16.2,13.9,12
2026-09-04T06:21:42Z,0,0,0,0.5,0,0,16.5,852.9,16.6,16.9,76.8,353,1355,0,0,281,0,0,16.8,14.2,12.6
2026-09-04T06:36:51Z,0,0,0,0.8,0,0,16.7,852.8,17.1,17.3,75.4,413,2018,0,0.1,282,0.7,0.7,17.2,14.4,12.9
2026-09-04T06:52:22Z,0,0,0,1,0,0,17.5,852.7,17.8,18,73.9,445,2391,0,0,103,0,0,17.9,14.9,13.6
2026-09-04T07:07:31Z,0,0,0,1.3,0,0,18.2,852.6,18.2,18.8,70.6,502,3030,0,0.4,96,0.9,0.9,18.6,15.2,14.3
2026-09-04T07:22:41Z,0,0,0,1.5,0,0,19.3,852.5,19.4,19.8,67.6,543,3316,0,0.1,103,0.6,0.6,19.7,15.8,15.3
2026-09-04T07:37:50Z,0,0,0,3,0,0,19.3,852.3,19.9,19.5,67.4,817,6699,0,0.2,307,0.7,0.7,19.4,15.5,15
2026-09-04T07:53:18Z,0,0,0,2.8,0,0,21.5,852.1,22.1,21.7,62.9,773,6110,0,0.1,204,0.4,0.4,21.6,16.9,17
2026-09-04T08:08:28Z,0,0,0,3.1,0,0,20,851.9,20.6,20.6,63.2,842,6827,0,1.7,54,2.6,2.6,20.5,16,16
2026-09-04T08:23:38Z,0,0,0,3.2,0,0,20.9,851.7,21.5,21.5,61,851,6949,0,0.8,188,2,2,21.4,16.5,16.8
2026-09-04T08:38:47Z,0,0,0,3.3,0,0,21.6,851.6,22.2,22.3,58.4,879,7233,0,0.9,153,1.3,1.3,22.2,16.9,17.5
2026-09-04T08:53:57Z,0,0,0,3.4,0,0,22.1,851.3,22.8,22.7,57.3,882,7260,0,0.6,179,1.5,1.5,22.6,17.1,17.8
2026-09-04T09:09:22Z,0,0,0,3.4,0,0,23.1,851.1,23.6,23.1,57,887,7308,0,0.6,261,1.3,1.3,23,17.4,18.2
2026-09-04T09:24:32Z,0,0,0,3.4,0,0,24,851,24.6,24.5,52.9,889,7320,0,0.9,63,2,2,24.4,18,19.3
2026-09-04T09:39:41Z,0,0,0,3.3,0,0,25.1,850.7,25.5,25.9,51.3,880,7263,0,0.1,132,0.4,0.4,25.9,18.9,20.4
2026-09-04T09:54:50Z,0,0,0,3.3,0,0,24.6,850.5,24.2,24.6,52,873,7191,0,0.1,281,0.4,0.4,24.6,18,19.4
2026-09-04T10:09:59Z,0,0,0,3.3,0,0,24.7,850.3,24.9,25.5,49.4,880,7213,0,1.6,75,2.6,2.6,25.4,18.3,20.1
2026-09-04T10:25:26Z,0,0,0,2.6,0,0,26.2,850,26.1,26.5,47.8,738,5587,0,0.7,111,1.5,1.5,26.4,18.9,20.9
2026-09-04T10:40:35Z,0,0,0,3.1,0,0,26.2,849.8,26.2,26.5,48.3,843,6850,0,1,61,2,2,26.5,19,20.9
2026-09-04T10:55:43Z,0,0,0,3,0,0,26.2,849.5,26.6,27,47,820,6628,0,0.8,33,2.4,2.4,27.3,19.2,21.5
2026-09-04T11:10:52Z,0,0,0,2.9,0,0,25.6,849.3,25.8,26.5,47.4,792,6294,0,1.3,174,1.7,1.7,26.5,18.9,20.9
2026-09-04T11:26:33Z,0,0,0,2.7,0,0,26.1,849,26.4,26.9,46.8,757,5904,0,0.5,101,1.7,1.7,27.2,19.1,21.4
2026-09-04T11:42:33Z,0,0,0,2.5,0,0,26.1,849.1,26,27,47.1,718,5491,0,0.9,93,1.3,1.3,27.2,19.2,21.4
2026-09-04T11:57:42Z,0,0,0,2.3,0,0,26.2,849,26.3,27.1,47.7,689,5138,0,1,83,2.6,2.6,27.4,19.4,21.6
2026-09-04T12:12:51Z,0,0,0,1.6,0,0,25.9,848.9,25.8,26.8,47.4,561,3587,0,1.9,92,5.7,5.7,27.1,19.1,21.4
2026-09-04T12:28:00Z,0,0,0,1.9,0,0,25.4,848.8,25.6,26.4,48.7,617,4345,0,0.6,142,1.1,1.1,26.4,19,20.8
2026-09-04T12:43:09Z,0,0,0,1.7,0,0,25.8,848.7,25.6,26.7,48.2,572,3874,0,1.9,57,4.1,4.1,27,19.2,21.3
2026-09-04T12:58:32Z,0,0,0,1.6,0,0,25.2,848.7,25.4,26,49.9,548,3574,0,1.2,119,2.4,2.4,26,18.8,20.5
2026-09-04T13:13:41Z,0,0,0,1.3,0,0,25.6,848.6,25.8,26.6,48.9,501,3053,0,0.8,66,1.5,1.5,26.6,19.2,21
2026-09-04T13:28:50Z,0,0,0,1.1,0,0,25.1,848.5,25.3,26,50,455,2561,0,1.1,102,2.4,2.4,26,18.9,20.6
2026-09-04T13:44:00Z,0,0,0,0.8,0,0,25,848.4,25.2,26,50,413,2089,0,1,94,2.6,2.6,26,18.9,20.5
2026-09-04T13:59:09Z,0,0,0,0.6,0,0,24.7,848.5,25,25.6,51,365,1549,0,0.5,13,1.5,1.5,25.5,18.6,20.2
2026-09-04T14:14:36Z,0,0,0,0.4,0,0,24.1,848.5,24.4,24.9,52.9,341,1241,0,1,67,3.1,3.1,24.8,18.3,19.6
2026-09-04T14:29:45Z,0,0,0,0.2,0,0,23.3,848.7,23.6,23.8,55.8,304,677,0,1.2,157,2.8,2.8,23.7,17.8,18.7
2026-09-04T14:44:53Z,0,0,0,0.2,0,0,22.9,848.9,23.1,23.3,57.2,286,460,0,0.8,41,2.4,2.4,23.2,17.5,18.3
2026-09-04T15:00:03Z,0,0,0,0.1,0,0,22.5,849,22.7,22.9,58,274,372,0,0.9,74,2,2,22.8,17.3,18
2026-09-04T15:15:13Z,0,0,0,0.1,0,0,22.1,849.1,22.3,22.5,58.8,268,302,0,1,121,2.4,2.4,22.4,17.1,17.7
2026-09-04T15:30:40Z,0,0,0,0,0,0,21.8,849.3,21.9,22.1,60,263,271,0,0.4,105,0.9,0.9,22.1,16.9,17.4
2026-09-04T15:45:49Z,0,0,0,0,0,0,21.6,849.6,21.8,21.9,60.7,261,256,0,0.7,128,1.7,1.7,21.8,16.8,17.2
2026-09-04T16:01:48Z,0,0,0,0,0,0,21.6,849.8,21.8,21.9,60.8,261,253,0,0.2,124,0.9,0.9,21.8,16.8,17.1
2026-09-04T16:16:57Z,0,0,0,0,0,0,21.5,850,21.7,21.9,60.8,261,255,0,0.5,129,1.5,1.5,21.8,16.8,17.1
2026-09-04T16:32:06Z,0,0,0,0,0,0,21.4,850,21.6,21.8,61,260,254,0,0.2,156,0.9,0.9,21.7,16.7,17
2026-09-04T16:47:15Z,0,0,0,0,0,0,21.2,850.2,21.4,21.5,61.7,260,253,0,0.3,136,1.1,1.1,21.5,16.6,16.8
2026-09-04T17:02:44Z,0,0,0,0,0,0,21.1,850.4,21.2,21.4,62.1,260,253,0,0.6,137,2,2,21.3,16.6,16.7
2026-09-04T17:17:53Z,0,0,0,0,0,0,21,850.5,21.1,21.3,62.3,261,253,0,0.7,192,1.7,1.7,21.2,16.5,16.7
2026-09-04T17:33:52Z,0,0,0,0,0,0,21,850.8,21.1,21.3,62.3,261,255,0,0.8,142,1.5,1.5,21.2,16.5,16.6
2026-09-04T17:49:01Z,0,0,0,0,0,0,20.9,850.7,21.1,21.2,62.4,261,254,0,0.2,204,1.3,1.3,21.1,16.4,16.5
2026-09-04T18:04:11Z,0,0,0,0,0,0,20.8,850.8,21,21.2,61.8,260,253,0,0.4,130,1.1,1.1,21.1,16.3,16.5
2026-09-04T18:19:38Z,0,0,0,0,0,0,20.8,850.9,20.9,21.2,61.3,260,254,0,1.1,162,2.2,2.2,21.1,16.2,16.5
2026-09-04T18:34:47Z,0,0,0,0,0,0,20.8,851,21,21.2,61.6,260,252,0,0.2,141,0.7,0.7,21,16.3,16.5
2026-09-04T18:49:56Z,0,0,0,0,0,0,20.7,851,20.9,21.1,60.9,260,253,0,0.5,73,1.5,1.5,21,16.1,16.4
2026-09-04T19:05:06Z,0,0,0,0,0,0,20.6,851.2,20.8,21,62,259,253,0,0.7,130,1.1,1.1,20.9,16.1,16.3
2026-09-04T19:20:15Z,0,0,0,0,0,0,20.2,851.3,20.3,20.6,61.3,259,254,0,1.1,116,2.5,2.5,20.5,15.7,16
2026-09-04T19:35:41Z,0,0,0,0,0,0,20,851.5,20.1,20.4,61.9,260,253,0,1.9,138,3.7,3.7,20.2,15.6,15.7
2026-09-04T19:50:50Z,0,0,0,0,0,0,19.8,851.6,20,20.2,62.5,260,252,0,0.3,118,0.9,0.9,20.1,15.5,15.6
2026-09-04T20:05:59Z,0,0,0,0,0,0,19.7,851.7,19.9,20.1,63.1,261,253,0,0.8,128,1.7,1.7,19.9,15.5,15.5
2026-09-04T20:21:07Z,0,0,0,0,0,0,19.5,851.7,19.6,19.9,63.8,260,253,0,0.3,139,1.5,1.5,19.7,15.4,15.3
2026-09-04T20:36:16Z,0,0,0,0,0,0,19.3,851.7,19.4,19.7,65,261,252,0,1,138,2.8,2.8,19.5,15.4,15.1
2026-09-04T20:51:44Z,0,0,0,0,0,0,19.2,851.6,19.4,19.5,65.6,261,253,0,0.6,189,1.1,1.1,19.4,15.3,15
2026-09-04T21:06:53Z,0,0,0,0,0,0,19,851.7,19.1,19.3,66.5,261,254,0,0.8,173,2.2,2.2,19.2,15.2,14.8
2026-09-04T21:22:31Z,0,0,0,0,0,0,18.8,851.6,18.9,19.2,67.3,260,254,0,1.1,172,2.6,2.6,19,15.2,14.7
2026-09-04T21:37:55Z,0,0,0,0,0,0,18.6,851.6,18.8,19,68.2,260,254,0,0.4,135,1.3,1.3,18.9,15.1,14.5
2026-09-04T21:53:05Z,0,0,0,0,0,0,18.4,851.3,18.6,18.8,69.1,261,253,0,0.3,147,1.3,1.3,18.7,15,14.3
2026-09-04T22:08:14Z,0,0,0,0,0,0,18,851.4,18.2,18.5,70.2,261,253,0,0.1,134,0.4,0.4,18.4,14.9,14.1
2026-09-04T22:24:03Z,0,0,0,0,0,0,18,851.4,18.2,18.4,70.7,260,254,0,0.7,138,1.2,1.2,18.3,14.9,14
2026-09-04T22:39:13Z,0,0,0,0,0,0,17.7,851.4,17.9,18.1,71.9,260,253,0,0.3,142,0.7,0.7,18,14.8,13.7
2026-09-04T22:54:22Z,0,0,0,0,0,0,17.3,851.2,17.4,17.8,74.1,261,255,0,0.6,103,1.5,1.5,17.7,14.7,13.4
2026-09-04T23:09:31Z,0,0,0,0,0,0,16.8,851.3,17,17.3,76.6,260,253,0,0.4,178,0.9,0.9,17.2,14.5,13
2026-09-04T23:24:59Z,0,0,0,0,0,0,16.6,851.2,16.7,17,78.1,259,252,0,0.1,178,0.7,0.7,16.9,14.4,12.7
2026-09-04T23:40:08Z,0,0,0,0,0,0,16.4,851,16.5,16.8,79.6,261,254,0,0.4,140,0.7,0.7,16.7,14.4,12.5
2026-09-04T23:55:17Z,0,0,0,0,0,0,16.2,851,16.4,16.7,80.6,261,254,0,0.7,136,1.3,1.3,16.6,14.4,12.4
2026-09-05T00:00:19Z,0,0,0,0,0,0,16.2,851,16.3,16.7,80.9,260,255,0,0.6,136,1.1,1.1,16.6,14.4,12.4
2026-09-05T00:15:29Z,0,0,0,0,0,0,16,851,16.3,16.5,81.7,261,253,0,0,136,0.2,0.2,16.4,14.4,12.2
2026-09-05T00:30:56Z,0,0,0,0,0,0,15.8,850.9,16.1,16.2,82.5,259,253,0,0,136,0,0,16.1,14.2,11.9
2026-09-05T00:46:05Z,0,0,0,0,0,0,15.4,851.1,15.7,15.7,84.1,260,254,0,0,136,0,0,15.7,13.9,11.5
2026-09-05T01:01:14Z,0,0,0,0,0,0,15.1,851.2,15.3,15.5,85.3,260,253,0,0,136,0,0,15.4,13.8,11.2
2026-09-05T01:16:23Z,0,0,0,0,0,0,14.9,851.3,15.2,15.3,86.5,259,254,0,0,136,0,0,15.2,13.7,11
2026-09-05T01:31:33Z,0,0,0,0,0,0,15,851.4,15.3,15.4,86.9,261,253,0,0,136,0,0,15.3,13.9,11.1
2026-09-05T01:46:58Z,0,0,0,0,0,0,14.9,851.4,15.2,15.3,87.2,262,254,0,0.2,136,0.7,0.7,15.2,13.8,11
2026-09-05T02:02:07Z,0,0,0,0,0,0,14.8,851.5,15.1,15.2,87.7,261,254,0,0,136,0,0,15.1,13.8,10.9
2026-09-05T02:17:16Z,0,0,0,0,0,0,14.7,851.7,15.1,15.1,87.7,261,254,0,0,136,0.2,0.2,15.1,13.7,10.9
2026-09-05T02:32:26Z,0,0,0,0,0,0,14.6,851.8,14.9,15.1,87.7,259,253,0,0,136,0,0,15,13.7,10.8
2026-09-05T02:47:35Z,0,0,0,0,0,0,14.5,851.7,14.8,14.9,87.8,261,253,0,0,136,0,0,14.9,13.5,10.7
2026-09-05T03:03:00Z,0,0,0,0,0,0,14.3,851.8,14.6,14.7,88.9,261,254,0,0.1,136,0.2,0.2,14.6,13.4,10.4
2026-09-05T03:18:09Z,0,0,0,0,0,0,14.2,851.9,14.4,14.6,89.6,260,258,0,0,136,0,0,14.5,13.4,10.3
2026-09-05T03:33:19Z,0,0,0,0,0,0,14,851.9,14.2,14.3,90.6,264,302,0,0,136,0,0,14.3,13.2,10.1
2026-09-05T03:48:27Z,0,0,0,0.1,0,0,13.7,852,13.9,14.1,90.7,275,387,0,0,136,0,0,14,13,9.8
2026-09-05T04:03:36Z,0,0,0,0.2,0,0,13.8,852.1,14.1,14.1,91,286,490,0,0,136,0,0,14.1,13.1,9.9
2026-09-05T04:19:03Z,0,0,0,0.2,0,0,14.1,852.2,14.5,14.6,90.4,297,575,0,0,136,0,0,14.5,13.5,10.3
2026-09-05T04:34:11Z,0,0,0,0.3,0,0,15,852.4,15.6,15.4,88.2,311,743,0,0,136,0.2,0.2,15.4,14.1,11.2
2026-09-05T04:49:20Z,0,0,0,0.3,0,0,16.9,852.5,16.9,16.6,84.4,318,823,0,0,136,0.2,0.2,16.6,14.8,12.4
2026-09-05T05:04:28Z,0,0,0,0.8,0,0,17.5,852.6,17.6,17.3,80.9,410,2037,0,0.1,136,0.4,0.4,17.3,15.1,13.1
2026-09-05T05:19:36Z,0,0,0,1.1,0,0,19.5,852.7,19.6,18.8,76.8,455,2544,0,0.2,42,0.7,0.7,18.7,16,14.4
2026-09-05T05:34:45Z,0,0,0,1.3,0,0,18.9,852.5,19.4,18.5,75.9,493,2981,0,0.9,228,1.5,1.5,18.5,15.6,14.2
2026-09-05T05:50:13Z,0,0,0,1.5,0,0,20.7,852.6,21.1,20,71.2,536,3444,0,0.7,287,1.3,1.3,20,16.5,15.6
2026-09-05T06:05:20Z,0,0,0,1.7,0,0,20.6,852.6,20.8,20.1,70.1,576,3905,0,0,264,0.2,0.2,20.1,16.4,15.6
2026-09-05T06:20:29Z,0,0,0,1.9,0,0,21.4,852.4,21.2,21,67.1,618,4360,0,0.3,84,1.1,1.1,21,16.9,16.4
2026-09-05T06:35:37Z,0,0,0,2.1,0,0,22.4,852.4,23.2,22.3,63.4,651,4715,0,0.1,131,0.2,0.2,22.3,17.5,17.5
2026-09-05T06:51:16Z,0,0,0,2.3,0,0,21.8,852.3,22.4,21.4,64.8,685,5091,0,0.5,225,1.3,1.3,21.3,16.9,16.7
2026-09-05T07:06:24Z,0,0,0,2.5,0,0,23.2,852.2,23.9,23.3,59,724,5520,0,0.6,192,1.1,1.1,23.3,17.9,18.4
2026-09-05T07:22:18Z,0,0,0,2.7,0,0,23.6,852.1,24.3,23.8,57.2,762,5935,0,0.7,185,1.3,1.3,23.8,18,18.8
2026-09-05T07:37:26Z,0,0,0,2.9,0,0,25.5,852,25.6,25.7,52.1,796,6303,0,0.4,82,0.7,0.7,25.7,18.9,20.3
2026-09-05T07:52:35Z,0,0,0,3,0,0,24.7,852,25,25.2,52.7,825,6619,0,0.7,195,1.5,1.5,25.2,18.6,19.9
2026-09-05T08:07:43Z,0,0,0,3,0,0,24.3,851.8,25.2,24.7,52.5,826,6686,0,0.7,208,1.3,1.3,24.7,18.2,19.5
2026-09-05T08:22:52Z,0,0,0,3.3,0,0,25,851.6,25.8,25.6,51,866,7045,0,1.3,176,2,2,25.5,18.6,20.2
2026-09-05T08:38:14Z,0,0,0,3.3,0,0,25.2,851.3,25.6,25.1,52,878,7193,0,1.1,234,1.7,1.7,25.1,18.4,19.8
2026-09-05T08:53:22Z,0,0,0,3.5,0,0,25.3,851.2,25.6,26,50.3,903,7432,0,0.6,127,1.7,1.7,25.9,18.9,20.5
2026-09-05T09:08:30Z,0,0,0,3.5,0,0,26.9,850.9,27.4,27.1,46.4,912,7497,0,1.4,178,2.6,2.6,27.3,19.2,21.5
2026-09-05T09:23:38Z,0,0,0,3.5,0,0,25.8,850.6,26.3,26.5,48.1,913,7528,0,1.1,75,2,2,26.5,19,20.9
2026-09-05T09:38:46Z,0,0,0,3.6,0,0,27.2,850.5,27.4,27.7,44.9,922,7610,0,1.5,77,3.7,3.7,27.8,19.5,21.8
2026-09-05T09:53:55Z,0,0,0,3.5,0,0,27,850.2,27.6,27.3,43.2,917,7556,0,1.4,227,2,2,27.3,18.8,21.5
2026-09-05T10:09:17Z,0,0,0,3.5,0,0,27.5,849.8,28,28,43.1,911,7497,0,0.3,165,0.7,0.7,27.9,19.4,21.9
2026-09-05T10:24:25Z,0,0,0,3.4,0,0,27.8,849.7,27.9,28.5,42.1,885,7311,0,2,79,2.8,2.8,28.3,19.6,22.3
2026-09-05T10:40:24Z,0,0,0,1.5,0,0,28.3,849.4,28.7,28.9,42.6,536,3013,0,0.3,83,1.3,1.3,28.7,20,22.5
2026-09-05T10:55:32Z,0,0,0,3.3,0,0,28.9,849.3,29.4,29.7,40.4,876,7216,0,0.4,141,1.1,1.1,29.4,20.3,23
2026-09-05T11:10:40Z,0,0,0,1.2,0,0,28.4,849,28.7,29.3,38.5,476,2373,0,1.3,153,2,2,28.8,19.6,22.6
2026-09-05T11:25:48Z,0,0,0,3.1,0,0,27.6,848.7,27.6,27.9,40.1,826,6689,0,1.3,294,2.2,2.2,27.6,18.8,21.7
2026-09-05T11:41:15Z,0,0,0,3,0,0,29,848.6,29.4,29.8,38.9,810,6500,0,1,78,2.2,2.2,29.4,20.1,23
2026-09-05T11:56:24Z,0,0,0,2.6,0,0,29.1,848.5,29.2,29.8,38.5,742,5678,0,0.3,82,1.3,1.3,29.3,20,22.9
2026-09-05T12:11:32Z,0,0,0,2.4,0,0,28.6,848.3,28.9,29.5,38,705,5238,0,1.6,101,4.5,4.5,28.9,19.6,22.6
2026-09-05T12:26:40Z,0,0,0,0.7,0,0,28.9,848.1,29.1,29.8,37.3,391,1510,0,0.9,99,3.1,3.1,29.2,19.8,22.9
2026-09-05T12:41:48Z,0,0,0,1.8,0,0,27,848.1,27.2,27.6,39.9,600,4134,0,0.4,146,0.9,0.9,27.3,18.5,21.5
2026-09-05T12:56:56Z,0,0,0,1.8,0,0,28.3,848.1,28.8,29.1,38.3,587,3990,0,1.2,163,2.6,2.6,28.5,19.4,22.4
2026-09-05T13:12:19Z,0,0,0,1.5,0,0,28.4,848.1,28.9,29.3,38,531,3349,0,0.3,149,1.1,1.1,28.7,19.5,22.5
2026-09-05T13:27:28Z,0,0,0,1.3,0,0,28.3,847.8,28.6,29.2,38.4,506,3100,0,0.4,84,1.1,1.1,28.7,19.5,22.5
2026-09-05T13:43:27Z,0,0,0,1,0,0,27.4,848,27.8,28.2,39.2,449,2434,0,0.6,158,1.3,1.3,27.8,18.9,21.9
2026-09-05T13:58:36Z,0,0,0,0.8,0,0,27.6,848,27.9,28.5,37.8,410,1991,0,1.1,76,2.2,2.2,28,18.8,22
2026-09-05T14:13:44Z,0,0,0,0.6,0,0,27.1,848,27.4,28,37.9,371,1541,0,1.9,89,5.2,5.2,27.5,18.4,21.7
2026-09-05T14:28:53Z,0,0,0,0.2,0,0,26.6,848.3,26.9,27,38.7,296,555,0,0.7,169,2.8,2.8,26.8,17.8,21.1
2026-09-05T14:44:01Z,0,0,0,0.2,0,0,26,848.5,26.1,26.4,39.8,290,497,0,0.8,134,1.3,1.3,26.2,17.4,20.7
2026-09-05T14:59:24Z,0,0,0,0.1,0,0,25.5,848.7,25.7,25.8,41.9,282,430,0,1.2,128,2,2,25.7,17.4,20.3
2026-09-05T15:14:32Z,0,0,0,0.1,0,0,25,848.8,25.1,25.3,43.5,273,358,0,0.6,121,0.9,0.9,25.2,17.2,19.9
2026-09-05T15:29:32Z,0,0,0,0,0,0,24.5,848.9,24.6,24.8,44.3,264,288,0,1.6,116,4.6,4.6,24.6,16.9,19.5
2026-09-05T15:44:40Z,0,0,0,0,0,0,24.1,849.2,24.2,24.4,44.9,261,257,0,1.1,159,2.4,2.4,24.2,16.7,19.1
2026-09-05T15:59:49Z,0,0,0,0,0,0,23.6,849.4,23.8,23.9,45.3,261,253,0,0.6,138,1.1,1.1,23.8,16.4,18.8
2026-09-05T16:14:57Z,0,0,0,0,0,0,23.2,849.6,23.4,23.5,45.8,261,253,0,0.7,111,1.3,1.3,23.3,16.1,18.4
2026-09-05T16:30:05Z,0,0,0,0,0,0,22.9,849.7,23,23.1,46.8,261,254,0,0.3,159,0.9,0.9,22.9,15.9,18.1
2026-09-05T16:45:28Z,0,0,0,0,0,0,22.5,849.9,22.7,22.8,48.6,260,253,0,0.4,120,0.7,0.7,22.6,15.9,17.8
2026-09-05T17:00:37Z,0,0,0,0,0,0,22.2,850,22.3,22.5,50.1,262,253,0,0.9,127,2.6,2.6,22.3,15.9,17.6
2026-09-05T17:15:45Z,0,0,0,0,0,0,21.8,850.3,21.9,22.1,51.8,262,253,0,0.6,123,2.4,2.4,22,15.8,17.3
2026-09-05T17:30:54Z,0,0,0,0,0,0,21.5,850.4,21.6,21.9,53.3,260,253,0,1.7,107,4.1,4.1,21.7,15.8,17
2026-09-05T17:46:02Z,0,0,0,0,0,0,21.2,850.6,21.4,21.5,54.3,260,252,0,1.2,89,2.4,2.4,21.4,15.6,16.8
2026-09-05T18:01:31Z,0,0,0,0,0,0,20.9,850.8,21.1,21.3,55.3,259,254,0,0.9,187,1.7,1.7,21.1,15.5,16.5
2026-09-05T18:16:40Z,0,0,0,0,0,0,20.6,851.1,20.8,20.9,56.1,261,254,0,1,84,2.2,2.2,20.7,15.3,16.2
2026-09-05T18:31:48Z,0,0,0,0,0,0,20.4,851.3,20.5,20.8,57,260,253,0,0.1,139,0.4,0.4,20.6,15.3,16.1
2026-09-05T18:46:58Z,0,0,0,0,0,0,20,851.5,20.1,20.3,58.5,261,254,0,0.2,138,0.7,0.7,20.1,15.1,15.7
2026-09-05T19:02:07Z,0,0,0,0,0,0,19.7,851.4,19.9,20.1,60,259,252,0,0.6,97,1.7,1.7,19.9,15.1,15.5
2026-09-05T19:17:34Z,0,0,0,0,0,0,19.5,851.5,19.7,19.9,62,260,253,0,0.7,99,1.5,1.5,19.7,15.1,15.3
2026-09-05T19:32:43Z,0,0,0,0,0,0,19.2,851.6,19.4,19.6,62.9,260,254,0,0,129,0,0,19.4,15,15
2026-09-05T19:47:52Z,0,0,0,0,0,0,18.9,851.6,19.1,19.3,64.3,260,253,0,0,87,0.2,0.2,19.1,14.9,14.8
2026-09-05T20:04:19Z,0,0,0,0,0,0,18.4,851.6,18.5,18.8,65.3,260,253,0,0,86,0.2,0.2,18.6,14.5,14.3
2026-09-05T20:20:50Z,0,0,0,0,0,0,17.8,851.5,17.9,18.2,67.2,261,254,0,0,86,0,0,18,14.3,13.7
2026-09-05T20:35:59Z,0,0,0,0,0,0,17.4,851.4,17.6,17.8,69,261,253,0,0,86,0,0,17.6,14.1,13.3
2026-09-05T20:51:08Z,0,0,0,0,0,0,16.9,851.3,17,17.2,71,262,254,0,0,86,0,0,17,13.8,12.8
2026-09-05T21:06:16Z,0,0,0,0,0,0,16.6,851.1,16.7,16.9,71.7,260,252,0,0,86,0,0,16.8,13.6,12.5
2026-09-05T21:21:25Z,0,0,0,0,0,0,16.3,851.1,16.4,16.7,73.4,260,253,0,0,86,0.2,0.2,16.5,13.6,12.3
2026-09-05T21:36:47Z,0,0,0,0,0,0,16.2,850.9,16.4,16.6,74.5,259,253,0,0.4,74,1.1,1.1,16.4,13.6,12.2
2026-09-05T21:51:56Z,0,0,0,0,0,0,16.5,850.8,16.7,16.8,74.6,259,253,0,0.1,87,0.4,0.4,16.6,13.8,12.4
2026-09-05T22:07:06Z,0,0,0,0,0,0,16.2,850.7,16.2,16.5,75.5,261,253,0,0,87,0,0,16.3,13.7,12.1
2026-09-05T22:22:15Z,0,0,0,0,0,0,15.7,850.6,15.9,16,77.8,260,253,0,0,87,0.2,0.2,15.8,13.4,11.6
2026-09-05T22:37:23Z,0,0,0,0,0,0,15.3,850.5,15.7,15.7,79.8,261,253,0,0,87,0,0,15.6,13.4,11.4
2026-09-05T22:52:50Z,0,0,0,0,0,0,15.2,850.3,15.4,15.6,80.3,260,255,0,0,87,0,0,15.4,13.3,11.2
2026-09-05T23:07:59Z,0,0,0,0,0,0,14.9,850.2,15.2,15.3,81.7,261,253,0,0,87,0,0,15.1,13.2,10.9
2026-09-05T23:23:08Z,0,0,0,0,0,0,14.7,850.2,15,15.1,82.8,261,253,0,0,87,0.2,0.2,15,13.1,10.8
2026-09-05T23:38:18Z,0,0,0,0,0,0,14.6,850.2,14.9,15,83.4,261,253,0,0,87,0,0,14.9,13.1,10.7
2026-09-05T23:53:26Z,0,0,0,0,0,0,14.6,850.4,15.1,15.1,83.8,259,253,0,0,87,0,0,15,13.3,10.8
2026-09-06T00:00:30Z,0,0,0,0,0,0,14.8,850.5,15.2,15.4,83.4,261,255,0,0,87,0,0,15.2,13.4,11
2026-09-06T00:15:56Z,0,0,0,0,0,0,15.3,850.5,15.6,15.6,83.7,260,254,0,0.3,87,0.7,0.7,15.5,13.8,11.3
2026-09-06T00:31:05Z,0,0,0,0,0,0,15.6,850.5,15.9,16,83.1,261,253,0,0.4,81,0.9,0.9,15.9,14,11.7
2026-09-06T00:46:13Z,0,0,0,0,0,0,15.8,850.5,16.1,16.2,82.8,259,253,0,0,81,0,0,16.1,14.2,11.9
2026-09-06T01:01:22Z,0,0,0,0,0,0,16.1,850.5,16.3,16.4,82.7,261,252,0,0.4,89,0.7,0.7,16.3,14.4,12.1
2026-09-06T01:16:31Z,0,0,0,0,0,0,16.1,850.8,16.2,16.5,82,261,254,0,0.1,89,0.2,0.2,16.4,14.4,12.2
2026-09-06T01:32:00Z,0,0,0,0,0,0,16.2,850.9,16.3,16.5,81.9,261,253,0,0,89,0,0,16.5,14.4,12.3
2026-09-06T01:47:10Z,0,0,0,0,0,0,16.3,851.1,16.4,16.7,81.9,261,253,0,0.2,89,1,1,16.6,14.5,12.4
2026-09-06T02:02:19Z,0,0,0,0,0,0,16.3,851.1,16.5,16.7,81.6,260,253,0,0.1,94,0.4,0.4,16.7,14.6,12.4
2026-09-06T02:17:28Z,0,0,0,0,0,0,16.3,851.1,16.5,16.7,81.6,260,253,0,1,161,1.5,1.5,16.7,14.6,12.4
2026-09-06T02:32:37Z,0,0,0,0,0,0,16.3,851.3,16.4,16.7,82,260,254,0,0,174,0,0,16.6,14.6,12.4
2026-09-06T02:48:01Z,0,0,0,0,0,0,16.2,851.5,16.3,16.6,82.4,261,253,0,0,174,0,0,16.5,14.5,12.3
2026-09-06T03:03:10Z,0,0,0,0,0,0,16,851.7,16.3,16.4,83,260,253,0,0,174,0,0,16.3,14.4,12.1
2026-09-06T03:18:19Z,0,0,0,0,0,0,15.8,852,16.1,16.2,83.4,260,265,0,0,174,0.2,0.2,16.1,14.2,11.9
2026-09-06T03:33:28Z,0,0,0,0,0,0,15.6,852.2,15.9,16,83.6,266,306,0,0,174,0,0,15.9,14.1,11.7
2026-09-06T03:48:37Z,0,0,0,0.1,0,0,15.4,852.4,15.8,15.8,84.6,276,449,0,0,174,0,0,15.7,14,11.5
2026-09-06T04:04:05Z,0,0,0,0.2,0,0,15.6,852.5,16,16,84.9,289,578,0,0,174,0,0,16,14.3,11.8
2026-09-06T04:19:14Z,0,0,0,0.3,0,0,16.2,852.7,16.3,16.5,83.3,313,839,0,0,174,0.2,0.2,16.5,14.6,12.2
2026-09-06T04:34:23Z,0,0,0,0.4,0,0,16.7,852.9,16.8,16.9,82.1,335,1102,0,0,174,0.2,0.2,16.8,14.8,12.6
2026-09-06T04:49:33Z,0,0,0,0.5,0,0,17.3,853.1,17.2,17.2,80.9,348,1221,0,0.5,174,0.9,0.9,17.2,15,13
2026-09-06T05:04:59Z,0,0,0,0.3,0,0,17.8,853.3,18.2,17.9,78.2,322,876,0,0.1,174,0.4,0.4,17.9,15.3,13.6
2026-09-06T05:20:09Z,0,0,0,0.4,0,0,17.5,853.5,17.9,17.6,79.2,334,1056,0,0,174,0,0,17.6,15.2,13.3
2026-09-06T05:35:18Z,0,0,0,0.4,0,0,17.4,853.7,17.8,17.6,79,334,1067,0,0.5,175,0.7,0.7,17.6,15.1,13.3
2026-09-06T05:50:27Z,0,0,0,0.5,0,0,17.6,853.9,17.8,17.7,78.7,350,1276,0,1.1,253,1.5,1.5,17.7,15.2,13.4
2026-09-06T06:05:36Z,0,0,0,0.8,0,0,17.9,853.9,18.1,18.1,76.4,410,1919,0,1.2,252,2.1,2.1,18,15.2,13.7
2026-09-06T06:21:03Z,0,0,0,2.1,0,0,19.9,853.9,20.4,19.9,67.9,656,4803,0,0.3,192,1.3,1.3,19.9,16,15.4
2026-09-06T06:36:09Z,0,0,0,0.6,0,0,22,853.9,21.8,21.4,61.3,367,1306,0,0.1,199,0.4,0.4,21.3,16.5,16.7
2026-09-06T06:51:18Z,0,0,0,2.8,0,0,21,853.7,20.9,20.8,63,782,6318,0,0.4,209,1.1,1.1,20.7,16.1,16.2
2026-09-06T07:06:27Z,0,0,0,1.2,0,0,23.1,853.7,23.1,22.4,55.6,477,2451,0,1.2,249,2.2,2.2,22.3,16.5,17.5
2026-09-06T07:21:35Z,0,0,0,3.2,0,0,23.6,853.5,23.7,23.7,53,854,6956,0,0.2,72,1.1,1.1,23.6,17.3,18.6
2026-09-06T07:36:44Z,0,0,0,3.1,0,0,22.8,853.4,23.2,23.2,51.6,839,6762,0,1.4,62,3.1,3.1,23.1,16.7,18.2
2026-09-06T07:52:07Z,0,0,0,3.2,0,0,23.6,853.5,24.1,24.1,47,864,7024,0,0.5,132,1.3,1.3,24,16.8,18.9
2026-09-06T08:07:16Z,0,0,0,3.4,0,0,23.4,853.3,23.9,23.8,47.4,888,7259,0,1.7,116,2.8,2.8,23.7,16.6,18.7
2026-09-06T08:22:24Z,0,0,0,3.5,0,0,24.4,853,24.8,24.5,47.4,903,7381,0,0.7,21,1.3,1.3,24.4,17.2,19.3
2026-09-06T08:37:33Z,0,0,0,3.5,0,0,24.1,852.9,24.8,24.8,44.2,913,7522,0,0.4,86,1.1,1.1,24.6,16.9,19.5
2026-09-06T08:52:42Z,0,0,0,3.6,0,0,25.1,852.6,25.8,25.7,42.2,926,7653,0,1.3,172,2.2,2.2,25.6,17.3,20.2
2026-09-06T09:08:17Z,0,0,0,3.6,0,0,24.9,852.4,25.7,25.9,41.3,928,7652,0,0.8,182,1.7,1.7,25.7,17.3,20.3
2026-09-06T09:23:25Z,0,0,0,3.4,0,0,25.3,852.1,26,26.1,42.8,884,7373,0,0.6,176,1.3,1.3,26,17.8,20.6
2026-09-06T09:38:33Z,0,0,0,1.4,0,0,25.6,851.9,25.7,26.4,42.9,516,2889,0,0.1,122,0.7,0.7,26.3,18,20.8
2026-09-06T09:53:42Z,0,0,0,3.6,0,0,27,851.6,27.1,27.6,37.7,932,7701,0,1.2,62,2,2,27.2,18.1,21.4
2026-09-06T10:08:51Z,0,0,0,3.5,0,0,26.3,851.3,26.8,27,38.6,913,7540,0,0.4,142,0.9,0.9,26.8,17.8,21.1
2026-09-06T10:24:14Z,0,0,0,3.4,0,0,26.4,851.1,26.6,27.2,37.2,897,7362,0,0.7,97,1.3,1.3,26.8,17.6,21.2
2026-09-06T10:39:23Z,0,0,0,3.4,0,0,26.3,850.9,26.9,27.2,37.5,885,7209,0,0.4,129,1.3,1.3,26.9,17.7,21.2
2026-09-06T10:54:32Z,0,0,0,3.3,0,0,26.6,850.7,27.1,26.9,37,867,7051,0,1.7,182,2.8,2.8,26.6,17.3,21
2026-09-06T11:09:41Z,0,0,0,3,0,0,26.3,850.3,26.8,27.1,37,825,6577,0,1.5,164,2.8,2.8,26.8,17.6,21.1
2026-09-06T11:24:50Z,0,0,0,2.8,0,0,27.2,850,27.6,28,33.4,784,6163,0,1.9,186,2.6,2.6,27.3,17.6,21.5
2026-09-06T11:40:17Z,0,0,0,2.7,0,0,27.4,849.9,27.8,27.8,36.2,767,5924,0,0.8,175,2.4,2.4,27.2,17.9,21.5
2026-09-06T11:55:26Z,0,0,0,2.6,0,0,27.8,849.6,28.2,28.6,35.9,739,5615,0,0.6,26,1.3,1.3,27.9,18.5,21.9
2026-09-06T12:10:35Z,0,0,0,2.4,0,0,28.2,849.4,28.2,29.2,35.9,699,5167,0,1,108,2.6,2.6,28.4,19,22.3
2026-09-06T12:25:38Z,0,0,0,2.2,0,0,28,849.2,28.4,28.8,36.8,659,4728,0,0.2,95,0.7,0.7,28.2,18.9,22.1
2026-09-06T12:40:47Z,0,0,0,2,0,0,27.5,849.2,27.7,28.3,35,624,4318,0,0.8,84,2.6,2.6,27.6,18.1,21.7
2026-09-06T12:55:57Z,0,0,0,1.8,0,0,27.7,849.2,27.7,28.8,33.9,583,3891,0,0.1,97,0.4,0.4,27.9,18.3,22
2026-09-06T13:11:21Z,0,0,0,1.5,0,0,27.5,849.2,27.9,28.5,35.8,531,3331,0,0.4,157,1.1,1.1,27.8,18.4,21.9
2026-09-06T13:26:29Z,0,0,0,1.3,0,0,27.6,849.4,28,28.8,35.8,496,2938,0,1.2,113,3.3,3.3,28.1,18.7,22.1
2026-09-06T13:41:38Z,0,0,0,1.1,0,0,27.1,849.4,27.2,28.1,37,455,2486,0,1.3,94,2.8,2.8,27.6,18.4,21.7
2026-09-06T13:56:48Z,0,0,0,0.9,0,0,27.1,849.5,27.5,28.2,37.2,415,2021,0,0.6,79,1.1,1.1,27.7,18.5,21.8
2026-09-06T14:11:57Z,0,0,0,0.6,0,0,26.6,849.5,27.1,27.7,38.1,376,1601,0,1,94,2.4,2.4,27.3,18.2,21.5
2026-09-06T14:27:23Z,0,0,0,0.2,0,0,25.6,849.6,25.8,26.1,40.3,294,534,0,1.9,76,2.8,2.8,26,17.3,20.5
2026-09-06T14:42:32Z,0,0,0,0.2,0,0,25.4,849.7,25.5,25.7,41.6,287,466,0,0.3,80,1.3,1.3,25.6,17.2,20.2
2026-09-06T14:57:41Z,0,0,0,0.1,0,0,24.9,849.9,25,25.2,42.4,279,415,0,0.3,76,1.1,1.1,25.1,17,19.8
2026-09-06T15:12:50Z,0,0,0,0.1,0,0,24.5,850,24.6,24.8,43.5,273,356,0,0.7,130,1.7,1.7,24.6,16.8,19.5
2026-09-06T15:28:32Z,0,0,0,0,0,0,24,850.3,24.2,24.3,45.1,264,290,0,0.6,198,1.7,1.7,24.1,16.6,19.1
2026-09-06T15:43:40Z,0,0,0,0,0,0,23.5,850.5,23.7,23.9,46,261,256,0,0.5,102,1.3,1.3,23.7,16.4,18.7
2026-09-06T15:58:49Z,0,0,0,0,0,0,23.2,850.7,23.4,23.6,47.1,260,254,0,0.7,132,1.5,1.5,23.4,16.3,18.5
2026-09-06T16:13:58Z,0,0,0,0,0,0,22.8,850.7,22.9,23.2,48.1,259,254,0,0.8,144,1.1,1.1,23,16.1,18.1
2026-09-06T16:29:06Z,0,0,0,0,0,0,22.6,850.8,22.7,22.9,48.5,258,253,0,0.7,135,2.2,2.2,22.7,15.9,17.9
2026-09-06T16:44:29Z,0,0,0,0,0,0,22.1,851,22.2,22.5,49.9,259,253,0,0.1,199,0.7,0.7,22.3,15.8,17.5
2026-09-06T16:59:38Z,0,0,0,0,0,0,21.8,851.3,21.9,22.1,51,259,252,0,1.1,166,2,2,21.9,15.7,17.2
2026-09-06T17:14:47Z,0,0,0,0,0,0,21.5,851.4,21.6,21.8,51.9,261,253,0,0.1,124,0.4,0.4,21.6,15.5,17
2026-09-06T17:29:57Z,0,0,0,0,0,0,21.2,851.7,21.3,21.5,52.6,260,254,0,0,145,0.4,0.4,21.3,15.4,16.7
2026-09-06T17:45:06Z,0,0,0,0,0,0,21,851.8,21.2,21.4,52.8,260,252,0,0.3,128,1.3,1.3,21.1,15.3,16.6
2026-09-06T18:00:33Z,0,0,0,0,0,0,20.6,852.1,20.8,21,53.6,260,253,0,0.2,140,0.7,0.7,20.8,15.1,16.2
2026-09-06T18:15:43Z,0,0,0,0,0,0,20.5,852.2,20.6,20.8,54.2,260,253,0,0,144,0.2,0.2,20.6,15,16.1
2026-09-06T18:31:42Z,0,0,0,0,0,0,20,852.5,20.2,20.4,55.8,260,252,0,0.9,183,2,2,20.1,14.8,15.7
2026-09-06T18:46:52Z,0,0,0,0,0,0,19.6,852.7,19.7,19.9,57.1,258,254,0,0,187,0,0,19.7,14.6,15.3
2026-09-06T19:02:30Z,0,0,0,0,0,0,19,852.8,19.1,19.3,59.5,260,253,0,0.2,188,0.4,0.4,19.1,14.3,14.7
2026-09-06T19:17:53Z,0,0,0,0,0,0,18.5,852.9,18.6,18.8,61.4,259,253,0,0,187,0,0,18.5,14.1,14.2
2026-09-06T19:33:03Z,0,0,0,0,0,0,18.1,853.1,18.2,18.4,62.3,260,254,0,0,105,0.2,0.2,18.2,13.9,13.9
2026-09-06T19:48:13Z,0,0,0,0,0,0,18.1,853.2,18.4,18.5,62,261,253,0,0,115,0.2,0.2,18.3,13.9,14
2026-09-06T20:03:22Z,0,0,0,0,0,0,18.1,853.3,18.4,18.5,62.1,260,253,0,0.6,54,1.5,1.5,18.3,13.9,14
2026-09-06T20:18:33Z,0,0,0,0,0,0,18.5,853.3,18.6,18.8,61.7,262,253,0,0.1,120,0.4,0.4,18.6,14.1,14.3
2026-09-06T20:33:56Z,0,0,0,0,0,0,18.4,853.1,18.5,18.8,61.9,260,253,0,0,172,0.2,0.2,18.5,14.1,14.2
2026-09-06T20:49:02Z,0,0,0,0,0,0,17.6,853,17.8,18,64.2,259,254,0,0,172,0,0,17.8,13.8,13.5
2026-09-06T21:04:11Z,0,0,0,0,0,0,17.2,852.9,17.4,17.6,66.1,262,253,0,0.1,172,0.7,0.7,17.4,13.6,13.1
2026-09-06T21:19:19Z,0,0,0,0,0,0,17.2,852.9,17.4,17.6,66.1,258,254,0,0,102,0,0,17.3,13.6,13.1
2026-09-06T21:34:28Z,0,0,0,0,0,0,16.8,852.7,17,17.2,67.7,259,253,0,0,102,0,0,16.9,13.4,12.7
2026-09-06T21:49:37Z,0,0,0,0,0,0,16.5,852.7,16.7,17,68.4,260,253,0,0,102,0,0,16.7,13.3,12.5
2026-09-06T22:04:59Z,0,0,0,0,0,0,16.1,852.7,16.3,16.5,70.2,261,253,0,0.2,322,0.4,0.4,16.3,13.1,12.1
2026-09-06T22:20:08Z,0,0,0,0,0,0,15.8,852.7,16.1,16.2,71,260,254,0,0,321,0,0,16,12.9,11.8
2026-09-06T22:35:18Z,0,0,0,0,0,0,15.6,852.5,15.9,16,72.4,261,253,0,0,321,0,0,15.8,12.8,11.6
2026-09-06T22:50:27Z,0,0,0,0,0,0,15.2,852.3,15.4,15.6,73.3,261,254,0,0,321,0,0,15.4,12.5,11.2
2026-09-06T23:05:36Z,0,0,0,0,0,0,14.9,852.3,15.2,15.3,74.4,259,252,0,0,321,0,0,15.1,12.4,10.9
2026-09-06T23:21:17Z,0,0,0,0,0,0,14.4,852.1,14.8,14.9,76.3,260,253,0,0.1,322,0.4,0.4,14.7,12.2,10.5
2026-09-06T23:36:25Z,0,0,0,0,0,0,14.1,852.1,14.4,14.5,77.6,259,254,0,0,322,0.2,0.2,14.3,12,10.1
2026-09-06T23:51:34Z,0,0,0,0,0,0,13.8,852.2,14.1,14.3,78.2,260,253,0,0,321,0,0,14.1,11.9,9.8
2026-09-07T00:00:59Z,0,0,0,0,0,0,13.6,852.2,13.9,14.1,78.8,260,253,0,0,321,0,0,13.8,11.7,9.6
2026-09-07T00:16:08Z,0,0,0,0,0,0,13.4,852,13.7,13.9,81,260,254,0,0,321,0,0,13.6,11.7,9.4
2026-09-07T00:31:17Z,0,0,0,0,0,0,13.3,852.1,13.6,13.8,81.3,259,253,0,0,321,0,0,13.6,11.7,9.3
2026-09-07T00:46:26Z,0,0,0,0,0,0,13.2,852,13.6,13.7,82.5,259,254,0,0,321,0,0,13.5,11.7,9.2
2026-09-07T01:01:35Z,0,0,0,0,0,0,13,852.1,13.4,13.5,82.5,260,254,0,0,321,0,0,13.3,11.6,9.1
2026-09-07T01:17:02Z,0,0,0,0,0,0,12.9,852.2,13.2,13.4,83.3,260,254,0,0,322,0.2,0.2,13.1,11.5,8.9
2026-09-07T01:32:12Z,0,0,0,0,0,0,13.1,852.4,13.5,13.6,82.8,260,253,0,0,321,0,0,13.4,11.7,9.2
2026-09-07T01:47:21Z,0,0,0,0,0,0,13,852.4,13.3,13.4,84.1,260,253,0,0,321,0,0,13.2,11.7,9
2026-09-07T02:02:30Z,0,0,0,0,0,0,13.1,852.8,13.4,13.6,84.4,260,253,0,0,321,0,0,13.4,11.9,9.2
2026-09-07T02:17:39Z,0,0,0,0,0,0,13.5,852.8,13.9,14.1,82.8,259,252,0,0,321,0,0,13.9,12.2,9.7
2026-09-07T02:33:06Z,0,0,0,0,0,0,13.7,852.9,13.9,14.1,81.8,261,254,0,0.2,343,1.1,1.1,14,12.1,9.7
2026-09-07T02:48:15Z,0,0,0,0,0,0,13.5,852.9,13.7,13.8,83.3,260,253,0,0.6,334,1.1,1.1,13.6,12,9.4
2026-09-07T03:03:24Z,0,0,0,0,0,0,13.5,853.1,13.6,13.8,85.3,262,254,0,0.1,359,0.4,0.4,13.7,12.2,9.4
2026-09-07T03:18:33Z,0,0,0,0,0,0,13.6,853.1,13.9,14.1,86.5,261,257,0,0.1,82,0.4,0.4,13.9,12.5,9.7
2026-09-07T03:33:42Z,0,0,0,0,0,0,13.8,853.3,14.1,14.2,87.9,263,285,0,0.1,336,0.7,0.7,14.1,12.8,9.9
2026-09-07T03:49:09Z,0,0,0,0.1,0,0,14,853.5,14.2,14.4,88.5,270,335,0,0.3,25,0.7,0.7,14.3,13,10.1
2026-09-07T04:04:16Z,0,0,0,0.1,0,0,14.2,853.6,14.5,14.6,88.5,280,459,0,0,348,0.2,0.2,14.5,13.3,10.3
2026-09-07T04:19:25Z,0,0,0,0.3,0,0,14.7,853.9,15.1,15.1,87.5,312,848,0,0,194,0.2,0.2,15,13.6,10.8
2026-09-07T04:34:34Z,0,0,0,0.2,0,0,15.4,853.9,15.8,15.8,84.9,297,625,0,0,80,0.2,0.2,15.7,14,11.5
2026-09-07T04:49:42Z,0,0,0,0.2,0,0,15.8,854,16.1,16.1,83.1,298,640,0,0.4,68,0.9,0.9,16.1,14.2,11.9
2026-09-07T05:04:51Z,0,0,0,0.5,0,0,16.1,854.2,16.3,16.4,81.8,346,1231,0,0.1,10,0.7,0.7,16.3,14.3,12.1
2026-09-07T05:20:12Z,0,0,0,0.4,0,0,16.7,854.3,16.6,17,79.3,335,1086,0,0.8,74,1.3,1.3,16.9,14.6,12.7
2026-09-07T05:35:20Z,0,0,0,0.6,0,0,16.7,854.4,16.8,17.1,77.5,377,1555,0,0.8,66,1.3,1.3,17,14.5,12.8
2026-09-07T05:50:29Z,0,0,0,0.6,0,0,17,854.6,17.3,17.5,75.3,371,1504,0,0.5,107,0.9,0.9,17.4,14.6,13.2
2026-09-07T06:05:37Z,0,0,0,0.6,0,0,17.5,854.6,17.7,18,75,376,1561,0,0.1,80,0.4,0.4,17.9,15,13.6
2026-09-07T06:20:46Z,0,0,0,0.7,0,0,18.4,854.8,18.2,18.5,73.2,393,1751,0,0.2,36,1.1,1.1,18.4,15.3,14.1
2026-09-07T06:36:14Z,0,0,0,0.7,0,0,18,854.8,18.2,18.6,71.8,386,1657,0,0.6,126,1.3,1.3,18.5,15.2,14.1
2026-09-07T06:51:23Z,0,0,0,0.8,0,0,18.3,855,18.3,18.9,70.9,407,1895,0,0.7,126,1.5,1.5,18.8,15.3,14.4
2026-09-07T07:06:31Z,0,0,0,0.8,0,0,18.8,855.1,18.8,19.4,69.4,403,1865,0,0,89,0.2,0.2,19.3,15.6,14.9
2026-09-07T07:22:22Z,0,0,0,1.1,0,0,18.9,854.9,19.2,19.5,68.2,470,2604,0,0.3,121,0.9,0.9,19.4,15.6,15
2026-09-07T07:37:30Z,0,0,0,3.6,0,0,21.1,854.9,21.4,21.5,61.8,937,8158,0,0.8,126,1.5,1.5,21.5,16.6,16.8
2026-09-07T07:52:39Z,0,0,0,1.8,0,0,20,854.6,20.6,20.7,63.4,590,3934,0,1.3,168,2.6,2.6,20.6,16.1,16.1
2026-09-07T08:07:48Z,0,0,0,2.7,0,0,20.7,854.4,21.2,20.9,63.6,752,5731,0,1.2,168,2.2,2.2,20.8,16.3,16.2
2026-09-07T08:23:26Z,0,0,0,3.7,0,0,21.6,854.2,21.8,22.1,59.1,944,8048,0,1.2,71,2.4,2.4,22,16.7,17.3
2026-09-07T08:38:34Z,0,0,0,1.8,0,0,22.7,854,22.7,23.5,54.8,598,3879,0,1.4,76,2.2,2.2,23.4,17.4,18.5
2026-09-07T08:53:43Z,0,0,0,3.7,0,0,23.7,853.7,23.9,24.4,53.7,947,8099,0,0.1,125,0.4,0.4,24.3,18,19.2
2026-09-07T09:08:51Z,0,0,0,3.9,0,0,23.1,853.5,23.9,24,54.4,987,8425,0,0.2,170,1.5,1.5,23.9,17.8,18.9
2026-09-07T09:24:00Z,0,0,0,4,0,0,23.8,853.1,24.4,24.6,51.8,995,8489,0,0.1,132,0.4,0.4,24.6,18,19.4
2026-09-07T09:39:22Z,0,0,0,3.8,0,0,25.4,852.8,25.2,25.5,49.5,972,8230,0,1,30,2,2,25.5,18.4,20.1
2026-09-07T09:54:31Z,0,0,0,3.2,0,0,24.3,852.5,24.8,24.8,50.7,860,6964,0,0.1,174,0.7,0.7,24.7,17.9,19.5
2026-09-07T10:09:40Z,0,0,0,3.5,0,0,24.4,852.1,24.9,24.6,51.2,915,7561,0,0.4,173,1.1,1.1,24.6,17.9,19.4
2026-09-07T10:24:48Z,0,0,0,3.5,0,0,25.5,851.8,25.9,25.5,48.1,907,7468,0,0.9,201,2.4,2.4,25.4,18.1,20.1
2026-09-07T10:39:56Z,0,0,0,3.3,0,0,26.4,851.5,26.8,26.8,45.8,872,7106,0,0.7,91,2.2,2.2,27,18.8,21.3
2026-09-07T10:55:25Z,0,0,0,3.2,0,0,26.2,851.2,26.7,26.6,45.7,849,6850,0,0.3,183,0.9,0.9,26.6,18.7,21
2026-09-07T11:10:34Z,0,0,0,3,0,0,26.3,851,26.7,26.8,42.8,824,6565,0,0.6,183,1.3,1.3,26.9,18.4,21.2
2026-09-07T11:25:42Z,0,0,0,2.8,0,0,26.7,850.7,27.3,27.5,41.5,787,6155,0,0.5,183,1.5,1.5,27.3,18.6,21.5
2026-09-07T11:40:51Z,0,0,0,2.7,0,0,27.1,850.4,27.6,27.6,40,757,5830,0,0.8,139,2,2,27.3,18.5,21.5
2026-09-07T11:56:00Z,0,0,0,2.5,0,0,27.2,850.2,27.8,27.8,39.3,727,5467,0,0.5,198,1.3,1.3,27.5,18.6,21.6
2026-09-07T12:11:27Z,0,0,0,2.3,0,0,27.5,850.1,28.1,28.2,37.6,683,4988,0,1.4,202,2.2,2.2,27.7,18.5,21.8
2026-09-07T12:26:36Z,0,0,0,2.1,0,0,27.5,849.9,28.3,28.1,38.7,642,4570,0,0.5,202,0.9,0.9,27.7,18.7,21.8
2026-09-07T12:41:44Z,0,0,0,1.9,0,0,28.5,849.8,28.9,29.4,37.1,613,4277,0,0.8,146,2.8,2.8,28.7,19.4,22.5
2026-09-07T12:57:35Z,0,0,0,1.5,0,0,27.8,849.7,28.2,28.6,38.6,544,3497,0,0.4,176,0.7,0.7,28.1,19.1,22.1
2026-09-07T13:12:43Z,0,0,0,1.4,0,0,27.3,849.5,27.6,28.2,39.2,521,3286,0,0.4,159,0.9,0.9,27.8,18.8,21.9
2026-09-07T13:27:53Z,0,0,0,1.2,0,0,27.6,849.4,28.1,28.8,37.6,481,2803,0,0.6,129,1.3,1.3,28.2,19,22.2
2026-09-07T13:43:02Z,0,0,0,0.9,0,0,27.2,849.6,27.6,28.3,39.6,435,2295,0,1.1,128,2.6,2.6,27.9,19,21.9
2026-09-07T13:58:11Z,0,0,0,0.7,0,0,26.9,849.7,27.3,27.9,40.5,394,1819,0,0.7,161,2.9,2.9,27.6,18.8,21.7
2026-09-07T14:13:33Z,0,0,0,0.6,0,0,26.5,849.8,26.8,27.3,41.3,360,1425,0,0.6,115,2.2,2.2,27.1,18.5,21.4
2026-09-07T14:28:42Z,0,0,0,0.2,0,0,26,849.8,26.2,26.5,43,304,618,0,0.1,133,0.9,0.9,26.4,18.1,20.8
2026-09-07T14:44:40Z,0,0,0,0.2,0,0,25.4,850,25.6,25.8,44.5,292,527,0,0.6,140,1.1,1.1,25.7,17.8,20.3
2026-09-07T14:59:48Z,0,0,0,0.1,0,0,25.1,850.2,25.2,25.4,45.6,283,447,0,0.2,132,0.4,0.4,25.3,17.6,20
2026-09-07T15:14:57Z,0,0,0,0.1,0,0,24.5,850.3,24.7,24.9,46.6,272,348,0,0.9,80,1.7,1.7,24.7,17.3,19.6
2026-09-07T15:30:06Z,0,0,0,0,0,0,24.1,850.6,24.2,24.4,47.7,263,279,0,0.2,86,1.1,1.1,24.3,17.1,19.2
2026-09-07T15:45:29Z,0,0,0,0,0,0,23.8,850.7,23.9,24.1,47.8,261,255,0,0.2,130,0.7,0.7,23.9,16.9,18.9
2026-09-07T16:00:37Z,0,0,0,0,0,0,23.7,850.9,23.8,23.9,48.2,259,254,0,0.2,172,0.4,0.4,23.8,16.8,18.8
2026-09-07T16:16:38Z,0,0,0,0,0,0,23.5,851.1,23.6,23.8,48.5,260,254,0,0.2,168,0.7,0.7,23.6,16.7,18.7
2026-09-07T16:31:46Z,0,0,0,0,0,0,23.2,851.2,23.3,23.5,49.3,260,254,0,0.6,90,2,2,23.4,16.6,18.4
2026-09-07T16:47:39Z,0,0,0,0,0,0,22.9,851.4,23.1,23.2,49.8,261,254,0,0.4,142,1.1,1.1,23.1,16.4,18.2
2026-09-07T17:02:48Z,0,0,0,0,0,0,22.8,851.5,22.9,23,50.2,259,253,0,0.3,139,0.7,0.7,22.9,16.3,18
2026-09-07T17:17:58Z,0,0,0,0,0,0,22.6,851.6,22.7,22.9,50.4,260,254,0,0.3,140,1.5,1.5,22.7,16.2,17.9
2026-09-07T17:33:06Z,0,0,0,0,0,0,22.6,851.7,22.8,22.9,49.8,260,254,0,0.4,114,1.1,1.1,22.7,16.1,17.9
2026-09-07T17:48:34Z,0,0,0,0,0,0,22.7,851.9,22.8,22.9,49.1,261,253,0,0.5,164,1.1,1.1,22.7,16.1,17.9
2026-09-07T18:03:36Z,0,0,0,0,0,0,22.7,852,22.9,23,48.3,260,255,0,0.2,100,0.7,0.7,22.8,16,18
2026-09-07T18:19:00Z,0,0,0,0,0,0,22.4,852.1,22.6,22.7,48.7,261,253,0,0.6,167,1.7,1.7,22.5,15.9,17.8
2026-09-07T18:34:10Z,0,0,0,0,0,0,21.8,852.3,22,22.2,50.5,260,253,0,0.5,124,1.7,1.7,22,15.7,17.3
2026-09-07T18:49:19Z,0,0,0,0,0,0,21.3,852.6,21.5,21.7,52.6,260,254,0,0.8,110,2.2,2.2,21.5,15.5,16.8
2026-09-07T19:05:08Z,0,0,0,0,0,0,21,852.8,21.2,21.3,54,260,254,0,0.5,184,2.4,2.4,21.1,15.4,16.6
2026-09-07T19:21:07Z,0,0,0,0,0,0,20.6,852.9,20.8,21,55,260,253,0,0,163,0.2,0.2,20.8,15.3,16.3
2026-09-07T19:36:16Z,0,0,0,0,0,0,20.3,853.1,20.4,20.6,56.1,260,253,0,0.4,163,1.1,1.1,20.4,15.1,16
2026-09-07T19:51:25Z,0,0,0,0,0,0,20,853.1,20.2,20.4,56.6,260,253,0,0.9,142,1.7,1.7,20.2,14.9,15.7
2026-09-07T20:06:34Z,0,0,0,0,0,0,19.7,853.2,19.9,20.1,57.5,260,253,0,1,210,2,2,19.8,14.7,15.4
2026-09-07T20:21:44Z,0,0,0,0,0,0,19.5,853.3,19.7,19.9,58.3,262,255,0,0,126,0.2,0.2,19.6,14.7,15.2
2026-09-07T20:37:07Z,0,0,0,0,0,0,19.3,853.2,19.4,19.6,59.1,260,254,0,0.2,139,0.7,0.7,19.4,14.6,15
2026-09-07T20:52:22Z,0,0,0,0,0,0,19,853.1,19.2,19.4,59.8,260,253,0,0,179,0,0,19.2,14.5,14.8
2026-09-07T21:07:31Z,0,0,0,0,0,0,18.5,853.1,18.7,19,61.2,260,254,0,0,179,0,0,18.7,14.2,14.4
2026-09-07T21:22:41Z,0,0,0,0,0,0,18.1,853,18.2,18.5,63.4,261,254,0,0.7,120,2.2,2.2,18.2,14,13.9
2026-09-07T21:38:10Z,0,0,0,0,0,0,18.2,852.8,18.4,18.6,63.1,260,253,0,0.1,96,0.4,0.4,18.4,14.2,14.1
2026-09-07T21:53:19Z,0,0,0,0,0,0,18,852.5,18.1,18.4,64.2,260,254,0,0,77,0.2,0.2,18.2,14.1,13.9
2026-09-07T22:08:28Z,0,0,0,0,0,0,17.5,852.6,17.7,17.9,65.9,260,254,0,0,134,0.2,0.2,17.6,13.8,13.4
2026-09-07T22:23:37Z,0,0,0,0,0,0,17,852.4,17.1,17.4,67.8,260,253,0,0.1,86,0.4,0.4,17.2,13.6,13
2026-09-07T22:38:45Z,0,0,0,0,0,0,16.7,852.4,16.8,17.1,73.9,260,254,0,0.5,126,0.9,0.9,17,14,12.7
2026-09-07T22:54:12Z,0,0,0,0,0,0,16.3,852.3,16.6,16.8,78.1,261,254,0,0.3,140,0.9,0.9,16.7,14.2,12.5
2026-09-07T23:09:20Z,0,0,0,0,0,0,16.1,852.2,16.2,16.5,79.3,260,253,0,0.2,130,0.7,0.7,16.4,14.1,12.2
2026-09-07T23:24:28Z,0,0,0,0,0,0,15.9,852.1,16.2,16.3,79.7,261,252,0,0,130,0.4,0.4,16.2,13.9,12
2026-09-07T23:39:36Z,0,0,0,0,0,0,15.7,852.2,16.1,16.1,80.4,261,253,0,0.5,78,0.9,0.9,16,13.9,11.8
2026-09-07T23:54:45Z,0,0,0,0,0,0,15.4,852.2,15.8,15.8,80.7,262,253,0,0,92,0,0,15.7,13.6,11.5
2026-09-08T00:00:49Z,0,0,0,0,0,0,15.3,852.1,15.7,15.7,81.8,261,253,0,0.1,119,0.9,0.9,15.6,13.6,11.4
2026-09-08T00:16:10Z,0,0,0,0,0,0,15.1,852.1,15.4,15.5,81.5,259,252,0,0,173,0,0,15.3,13.4,11.2
2026-09-08T00:31:19Z,0,0,0,0,0,0,14.7,852,15,15.1,83.4,261,253,0,0,173,0,0,15,13.2,10.8
2026-09-08T00:46:28Z,0,0,0,0,0,0,14.5,852,14.8,14.9,84,260,253,0,0,173,0,0,14.7,13,10.5
2026-09-08T01:01:37Z,0,0,0,0,0,0,14.1,851.9,14.3,14.5,85.4,261,254,0,0,173,0,0,14.4,12.9,10.2
2026-09-08T01:16:46Z,0,0,0,0,0,0,13.8,851.9,14.1,14.2,87.3,260,253,0,0,173,0,0,14.1,12.8,9.9
2026-09-08T01:32:14Z,0,0,0,0,0,0,13.7,852.1,13.9,14.1,89.2,261,253,0,0,173,0,0,14,12.9,9.8
2026-09-08T01:47:23Z,0,0,0,0,0,0,13.6,852.2,13.9,14,90.1,260,253,0,0,173,0.4,0.4,13.9,12.9,9.7
2026-09-08T02:02:32Z,0,0,0,0,0,0,13.3,852.5,13.6,13.7,90,261,254,0,0,173,0,0,13.6,12.6,9.4
2026-09-08T02:17:41Z,0,0,0,0,0,0,13.1,852.6,13.4,13.5,90.6,260,254,0,0,173,0,0,13.4,12.5,9.2
2026-09-08T02:32:50Z,0,0,0,0,0,0,13,852.5,13.2,13.4,91.3,259,253,0,0,173,0,0,13.3,12.5,9.1
2026-09-08T02:48:17Z,0,0,0,0,0,0,13,852.6,13.3,13.4,92.3,259,252,0,0,173,0,0,13.3,12.5,9.1
2026-09-08T03:03:25Z,0,0,0,0,0,0,12.9,852.4,13.2,13.3,92.6,261,253,0,0,173,0,0,13.2,12.5,9
2026-09-08T03:18:34Z,0,0,0,0,0,0,13.3,852.7,13.6,13.8,93.3,261,257,0,0,173,0,0,13.7,13,9.5
2026-09-08T03:33:43Z,0,0,0,0,0,0,13.6,853.1,13.9,14.1,92,264,277,0,0.3,173,0.7,0.7,14,13.1,9.8
2026-09-08T03:48:52Z,0,0,0,0.1,0,0,13.8,853.3,14.1,14.3,91,269,358,0,0.3,173,0.7,0.7,14.2,13.3,10
2026-09-08T04:04:19Z,0,0,0,0.1,0,0,14.1,853.5,14.4,14.5,89.3,277,434,0,0.5,128,0.9,0.9,14.4,13.3,10.2
2026-09-08T04:19:29Z,0,0,0,0.2,0,0,14.3,853.7,14.6,14.7,88.4,289,557,0,0.6,86,1.3,1.3,14.6,13.4,10.4
2026-09-08T04:34:38Z,0,0,0,0.3,0,0,14.7,853.8,15.1,15.1,87,314,866,0,0.5,96,0.9,0.9,15,13.6,10.8
2026-09-08T04:49:47Z,0,0,0,0.4,0,0,15.1,854.1,15.4,15.6,85.3,325,1005,0,0.3,66,0.7,0.7,15.5,13.9,11.3
2026-09-08T05:04:56Z,0,0,0,0.4,0,0,15.8,854.1,16.1,16.2,83,338,1133,0,0.3,71,0.9,0.9,16.1,14.2,11.9
2026-09-08T05:20:22Z,0,0,0,0.6,0,0,16.6,854.2,16.6,17,79,378,1565,0,0.4,89,0.9,0.9,16.9,14.5,12.6
2026-09-08T05:35:31Z,0,0,0,0.5,0,0,16.2,854.5,16.3,16.8,78.6,353,1292,0,0.3,88,0.9,0.9,16.7,14.3,12.5
2026-09-08T05:50:40Z,0,0,0,0.5,0,0,16.3,854.6,16.4,16.8,79.1,346,1205,0,0.7,74,1.3,1.3,16.7,14.4,12.5
2026-09-08T06:05:49Z,0,0,0,0.4,0,0,16.3,854.9,16.4,16.8,78.8,333,1071,0,0.3,149,0.9,0.9,16.7,14.3,12.5
2026-09-08T06:20:58Z,0,0,0,0.4,0,0,16.4,855,16.6,16.9,77.5,340,1133,0,0.4,129,1.1,1.1,16.8,14.3,12.6
2026-09-08T06:36:25Z,0,0,0,0.5,0,0,16.1,855,16.4,16.6,78.2,349,1236,0,1,147,1.5,1.5,16.5,14.1,12.3
2026-09-08T06:51:34Z,0,0,0,0.5,0,0,16.5,855.1,16.7,17,78.3,358,1363,0,0.4,134,0.9,0.9,16.9,14.4,12.6
2026-09-08T07:06:44Z,0,0,0,0.7,0,0,16.5,855.2,16.8,17,77.6,388,1691,0,0.7,78,1.3,1.3,16.9,14.4,12.7
2026-09-08T07:21:53Z,0,0,0,0.6,0,0,16.8,855.2,16.9,17.3,76.3,378,1577,0,0.5,150,0.9,0.9,17.2,14.5,13
2026-09-08T07:37:02Z,0,0,0,0.8,0,0,17.2,855,17.4,17.8,74.3,403,1837,0,1,150,1.5,1.5,17.7,14.7,13.4
2026-09-08T07:52:28Z,0,0,0,0.8,0,0,17.2,855,17.1,17.8,74.1,413,1968,0,1.2,91,2,2,17.7,14.8,13.5
2026-09-08T08:07:38Z,0,0,0,1.2,0,0,18.3,854.8,18.4,18.7,71.5,479,2694,0,0.3,111,1.1,1.1,18.6,15.3,14.3
2026-09-08T08:22:47Z,0,0,0,1.1,0,0,18.6,854.6,19,19.3,69,459,2473,0,0.3,128,0.7,0.7,19.2,15.5,14.8
2026-09-08T08:37:57Z,0,0,0,0.8,0,0,18.9,854.4,18.9,19.6,67.8,411,1946,0,1,63,1.7,1.7,19.5,15.7,15.1
2026-09-08T08:53:07Z,0,0,0,1,0,0,18.9,854.2,19.1,19.5,67.9,444,2282,0,0.5,121,1.1,1.1,19.4,15.6,15
2026-09-08T09:08:33Z,0,0,0,0.7,0,0,18.7,854.1,19.1,19.2,68.9,387,1662,0,0.9,172,2.4,2.4,19.1,15.4,14.8
2026-09-08T09:23:43Z,0,0,0,0.7,0,0,18.3,854,18.5,18.9,70,380,1580,0,0.7,89,1.3,1.3,18.8,15.2,14.4
2026-09-08T09:38:52Z,0,0,0,1.1,0,0,18.9,853.9,19.2,19.4,68.8,460,2491,0,0.1,130,0.4,0.4,19.3,15.6,14.9
2026-09-08T09:54:01Z,0,0,0,1.1,0,0,20,853.6,19.9,20.2,65.8,458,2444,0,0.8,63,1.5,1.5,20.1,15.9,15.6
2026-09-08T10:09:10Z,0,0,0,0.6,0,0,19.9,853.3,20.2,20.3,65,370,1481,0,0.4,153,1.1,1.1,20.2,15.9,15.7
2026-09-08T10:24:36Z,0,0,0,0.4,0,0,19,853.1,19.3,19.5,68.3,336,1074,0,0.1,175,0.7,0.7,19.4,15.6,15
2026-09-08T10:39:46Z,0,0,0,0.6,0,0,18.9,852.9,19.2,19.5,68.3,360,1344,0,0.2,176,0.5,0.5,19.4,15.6,15
2026-09-08T10:54:55Z,0,0,0,0.7,0,0,18.8,852.6,19.2,19.3,68.1,388,1673,0,0.3,178,0.7,0.7,19.2,15.4,14.8
2026-09-08T11:10:44Z,0,0,0,0.8,0,0,19.3,852.4,19.6,19.9,67,399,1811,0,1,164,2.4,2.4,19.7,15.8,15.3
2026-09-08T11:25:54Z,0,0,0,0.8,0,0,19.5,852.1,19.6,20,67,397,1771,0,0.5,83,1.3,1.3,20,15.9,15.5
2026-09-08T11:41:02Z,0,0,0,0.9,0,0,19.5,851.8,19.6,20,66.6,418,2020,0,0.4,121,0.9,0.9,19.9,15.9,15.5
2026-09-08T11:56:12Z,0,0,0,0.8,0,0,19.7,851.7,20,20.3,66.2,411,1911,0,0.1,135,0.4,0.4,20.2,16.1,15.7
2026-09-08T12:11:41Z,0,0,0,0.3,0,0,19,851.7,19.2,19.5,68.9,309,785,0,0.1,109,0.4,0.4,19.5,15.7,15.1
2026-09-08T12:26:49Z,0,0,0,0.3,0,0,18.9,851.5,19.1,19.4,68.8,311,806,0,0,205,0.2,0.2,19.2,15.5,14.9
2026-09-08T12:41:59Z,0,0,0,0.5,0,0,18.9,851.2,19.1,19.4,68.6,351,1269,0,0.2,182,0.7,0.7,19.3,15.5,14.9
2026-09-08T12:57:08Z,0,0,0,0.6,0,0,19.3,851.1,19.4,19.8,67,361,1394,0,1,182,1.5,1.5,19.6,15.7,15.2
2026-09-08T13:12:18Z,0,0,0,0.5,0,0,19.4,851,19.6,19.9,66.9,348,1252,0,0.1,182,0.4,0.4,19.7,15.8,15.3
2026-09-08T13:27:45Z,0,0,0,0.5,0,0,19.6,850.9,19.9,20,65.9,356,1314,0,0.1,182,0.4,0.4,19.9,15.8,15.5
2026-09-08T13:42:55Z,0,0,0,0.3,0,0,19.6,850.8,19.9,20.2,65.4,317,891,0,0.2,182,0.7,0.7,20,15.8,15.6
2026-09-08T13:58:04Z,0,0,0,0.3,0,0,19.9,850.8,20.1,20.4,65.1,311,833,0,0,182,0.2,0.2,20.3,16,15.8
2026-09-08T14:13:14Z,0,0,0,0.2,0,0,19.8,850.8,19.9,20.3,64.5,302,730,0,0.3,182,0.7,0.7,20.2,15.9,15.7
2026-09-08T14:28:39Z,0,0,0,0.2,0,0,19.7,850.9,20,20.2,64.3,295,636,0,0.1,182,0.3,0.3,20.1,15.7,15.6
2026-09-08T14:43:49Z,0,0,0,0.1,0,0,19.7,851,19.9,20.1,64.8,282,496,0,0.1,182,0.8,0.8,20,15.7,15.5
2026-09-08T14:58:58Z,0,0,0,0.1,0,0,19.5,851.1,19.8,19.9,66,273,383,0,0,182,0.2,0.2,19.8,15.7,15.4
2026-09-08T15:14:07Z,0,0,0,0,0,0,19.2,851.3,19.4,19.7,67.1,264,284,0,0.9,80,1.7,1.7,19.6,15.6,15.2
2026-09-08T15:29:15Z,0,0,0,0,0,0,19,851.3,19.1,19.4,68.4,260,262,0,0.7,78,1.7,1.7,19.3,15.6,14.9
2026-09-08T15:44:41Z,0,0,0,0,0,0,18.9,851.3,19.1,19.3,69.2,261,253,0,0.1,72,0.4,0.4,19.2,15.5,14.8
2026-09-08T15:59:51Z,0,0,0,0,0,0,18.8,851.7,18.9,19.2,69.5,260,253,0,0.6,87,1.3,1.3,19.1,15.4,14.7
2026-09-08T16:15:00Z,0,0,0,0,0,0,18.7,851.7,18.9,19.1,69.3,260,254,0,0.4,89,1.1,1.1,19,15.3,14.6
2026-09-08T16:30:08Z,0,0,0,0,0,0,18.6,851.7,18.8,19,69.7,261,254,0,0,94,0,0,18.9,15.3,14.5
2026-09-08T16:45:51Z,0,0,0,0,0,0,18.5,851.6,18.7,18.9,70.4,261,252,0,0,115,0.2,0.2,18.8,15.3,14.4
2026-09-08T17:01:06Z,0,0,0,0,0,0,18.4,851.6,18.6,18.8,70.9,260,253,0,0,114,0,0,18.7,15.2,14.3
2026-09-08T17:16:30Z,0,0,0,0,0,0,18.1,851.9,18.3,18.5,72.3,260,254,0,0,114,0,0,18.3,15.1,14
2026-09-08T17:31:40Z,0,0,0,0,0,0,17.9,852,18.1,18.3,73.4,261,253,0,0,114,0,0,18.2,15.1,13.9
2026-09-08T17:46:49Z,0,0,0,0,0,0,17.8,852.2,18,18.2,73.9,260,255,0,0,114,0,0,18.1,15,13.8
2026-09-08T18:01:58Z,0,0,0,0,0,0,17.8,852.4,18,18.2,73.7,261,252,0,0,114,0,0,18.1,15,13.8
2026-09-08T18:17:06Z,0,0,0,0,0,0,17.9,852.6,18.1,18.2,73.6,259,253,0,0.1,114,0.7,0.7,18.1,15.1,13.9
2026-09-08T18:32:33Z,0,0,0,0,0,0,17.8,852.7,18,18.1,74.1,260,253,0,0,44,0,0,18.1,15,13.8
2026-09-08T18:47:42Z,0,0,0,0,0,0,17.8,852.8,17.9,18.1,74.7,260,254,0,0,44,0,0,18,15.1,13.7
2026-09-08T19:02:51Z,0,0,0,0,0,0,17.7,852.9,17.9,18,75.3,260,253,0,0,44,0,0,18,15.1,13.7
2026-09-08T19:18:00Z,0,0,0,0,0,0,17.5,852.9,17.6,17.9,76,260,253,0,0,44,0,0,17.8,15,13.5
2026-09-08T19:33:42Z,0,0,0,0,0,0,17.2,853,17.2,17.6,77.3,261,253,0,0,44,0,0,17.5,14.9,13.2
2026-09-08T19:48:51Z,0,0,0,0,0,0,16.9,853,17,17.2,78.4,260,253,0,0,44,0,0,17.1,14.7,12.9
2026-09-08T20:04:00Z,0,0,0,0,0,0,16.4,853,16.5,16.7,80.4,260,254,0,0,44,0,0,16.7,14.4,12.4
2026-09-08T20:19:10Z,0,0,0,0,0,0,16,853,16.2,16.3,82.1,262,254,0,0,44,0,0,16.2,14.2,12
2026-09-08T20:34:19Z,0,0,0,0,0,0,15.6,852.8,15.9,15.9,83.7,259,253,0,0,44,0,0,15.8,14,11.6
2026-09-08T20:49:40Z,0,0,0,0,0,0,15.2,852.6,15.6,15.6,85.4,261,252,0,0,44,0,0,15.5,13.9,11.3
2026-09-08T21:04:49Z,0,0,0,0,0,0,15.1,852.7,15.4,15.5,86,259,253,0,0,44,0,0,15.4,13.9,11.2
2026-09-08T21:19:59Z,0,0,0,0,0,0,15.1,852.4,15.5,15.6,85.8,261,253,0,0,44,0,0,15.6,14,11.4
2026-09-08T21:35:08Z,0,0,0,0,0,0,15.1,852.4,15.4,15.6,85.7,260,253,0,0,44,0,0,15.5,13.9,11.3
2026-09-08T21:50:17Z,0,0,0,0,0,0,15.3,852.1,15.6,15.7,85.7,260,253,0,0,156,0.2,0.2,15.6,14,11.4
2026-09-08T22:05:44Z,0,0,0,0,0,0,15.6,851.9,15.9,16,83.8,261,252,0,0.1,156,0.4,0.4,15.9,14.1,11.7
2026-09-08T22:20:54Z,0,0,0,0,0,0,15.6,851.6,15.9,15.9,83.7,260,253,0,0,156,0,0,15.8,14,11.6
2026-09-08T22:36:03Z,0,0,0,0,0,0,15.6,851.4,15.9,15.9,82.9,260,254,0,0,156,0.4,0.4,15.8,13.9,11.6
2026-09-08T22:51:13Z,0,0,0,0,0,0,15.4,851.1,15.8,15.8,82.7,261,253,0,0,156,0,0,15.7,13.8,11.5
2026-09-08T23:06:38Z,0,0,0,0,0,0,15.4,851,15.7,15.8,82.2,260,253,0,0,156,0,0,15.6,13.7,11.4
2026-09-08T23:21:47Z,0,0,0,0,0,0,15.5,850.9,15.8,15.9,82,259,254,0,0.4,156,0.9,0.9,15.7,13.8,11.5
2026-09-08T23:36:57Z,0,0,0,0,0,0,15.5,850.8,15.9,15.9,82.4,260,255,0,0.5,169,0.9,0.9,15.8,13.9,11.6
2026-09-08T23:52:06Z,0,0,0,0,0,0,15.6,850.8,16,16,82.6,259,253,0,1,168,2.4,2.4,15.9,14,11.7
2026-09-09T00:00:10Z,0,0,0,0,0,0,15.7,850.7,16.1,16.1,82.7,260,253,0,0,168,0,0,16,14.1,11.8
2026-09-09T00:15:20Z,0,0,0,0,0,0,15.8,850.7,16.1,16.2,83.4,259,253,0,0.6,182,1.5,1.5,16.1,14.3,11.9
2026-09-09T00:30:44Z,0,0,0,0,0,0,15.6,850.8,15.9,16.1,84.5,260,253,0,1.5,188,2.6,2.6,16,14.3,11.8
2026-09-09T00:45:53Z,0,0,0,0,0,0,15.6,850.9,15.9,16,85.5,260,253,0,0,141,0.2,0.2,16,14.3,11.8
2026-09-09T01:01:03Z,0,0,0,0,0,0,15.4,851.1,15.8,15.9,86.2,259,252,0,0.3,170,0.9,0.9,15.8,14.3,11.6
2026-09-09T01:16:12Z,0,0,0,0,0,0,15.3,851.1,15.6,15.7,87,260,254,0,0,170,0.2,0.2,15.6,14.2,11.4
2026-09-09T01:31:56Z,0,0,0,0,0,0,15.2,851.1,15.6,15.7,87.5,260,253,0,0.3,170,0.7,0.7,15.6,14.2,11.4
2026-09-09T01:47:04Z,0,0,0,0,0,0,15.2,851.2,15.6,15.7,87.6,259,253,0,0.2,170,0.7,0.7,15.6,14.2,11.4
2026-09-09T02:02:14Z,0,0,0,0,0,0,15.2,851.5,15.6,15.6,87.4,259,254,0,0,170,0,0,15.6,14.2,11.4
2026-09-09T02:17:23Z,0,0,0,0,0,0,15.2,851.6,15.6,15.6,87.7,261,253,0,0.1,170,0.4,0.4,15.6,14.2,11.4
2026-09-09T02:32:50Z,0,0,0,0,0,0,15.2,851.7,15.6,15.6,88,260,253,0,0.2,170,0.4,0.4,15.6,14.2,11.4
2026-09-09T02:47:59Z,0,0,0,0,0,0,15.2,851.8,15.6,15.7,88,261,253,0,0.1,170,0.4,0.4,15.6,14.3,11.4
2026-09-09T03:03:08Z,0,0,0,0,0,0,15.3,851.8,15.6,15.7,87.7,260,254,0,0,170,0,0,15.6,14.3,11.5
2026-09-09T03:18:16Z,0,0,0,0,0,0,15.3,852,15.6,15.7,87.5,258,255,0,0,170,0,0,15.7,14.3,11.5
2026-09-09T03:33:25Z,0,0,0,0,0,0,15.4,852.1,15.7,15.8,87.2,261,262,0,0,170,0,0,15.7,14.3,11.5
2026-09-09T03:48:52Z,0,0,0,0,0,0,15.4,852.3,15.8,15.8,87.2,265,288,0,0.1,170,0.4,0.4,15.8,14.3,11.6
2026-09-09T04:04:01Z,0,0,0,0.1,0,0,15.5,852.4,15.8,15.9,86.8,268,342,0,0,170,0,0,15.9,14.4,11.7
2026-09-09T04:19:10Z,0,0,0,0.1,0,0,15.6,852.5,15.9,16,86.4,275,416,0,0,170,0,0,15.9,14.4,11.7
2026-09-09T04:34:19Z,0,0,0,0.1,0,0,15.7,852.6,16.1,16.1,85.9,281,474,0,0,170,0,0,16,14.4,11.8
2026-09-09T04:49:27Z,0,0,0,0.2,0,0,15.8,852.8,16.1,16.2,85.3,289,563,0,0.3,170,0.9,0.9,16.2,14.5,12
2026-09-09T05:04:55Z,0,0,0,0.2,0,0,16,852.9,16.3,16.4,84.8,290,581,0,0.2,170,1.1,1.1,16.4,14.6,12.2
2026-09-09T05:20:03Z,0,0,0,0.3,0,0,16.2,853,16.4,16.6,84.2,305,755,0,0,169,0,0,16.5,14.7,12.3
2026-09-09T05:35:13Z,0,0,0,0.4,0,0,16.4,853.1,16.6,16.8,83.2,330,1032,0,0,169,0,0,16.8,14.8,12.5
2026-09-09T05:50:22Z,0,0,0,0.5,0,0,16.7,853.2,16.9,17.1,81.6,345,1197,0,0.3,169,0.9,0.9,17.1,14.9,12.8
2026-09-09T06:05:31Z,0,0,0,0.5,0,0,17,853.4,17.2,17.4,80.3,351,1259,0,0,169,0,0,17.3,15,13.1
2026-09-09T06:20:59Z,0,0,0,0.5,0,0,17.3,853.6,17.6,17.6,78.8,354,1294,0,0.3,169,0.7,0.7,17.6,15.1,13.3
2026-09-09T06:36:09Z,0,0,0,0.6,0,0,17.6,853.7,17.9,18.1,76.8,377,1571,0,0,169,0.2,0.2,18.1,15.3,13.8
2026-09-09T06:51:19Z,0,0,0,0.7,0,0,17.6,853.8,17.9,18,76.1,392,1704,0,0.4,169,0.9,0.9,18,15.2,13.7
2026-09-09T07:06:28Z,0,0,0,0.7,0,0,17.8,853.8,18.1,18.3,75.4,390,1690,0,0.4,143,1.3,1.3,18.2,15.3,13.9
2026-09-09T07:21:54Z,0,0,0,0.7,0,0,18.1,853.8,18.4,18.6,74.1,385,1639,0,0.5,171,1.1,1.1,18.5,15.5,14.2
2026-09-09T07:37:04Z,0,0,0,0.4,0,0,18.1,853.8,18.4,18.6,73.1,327,997,0,0.7,177,1.7,1.7,18.5,15.4,14.2
2026-09-09T07:52:13Z,0,0,0,0.4,0,0,17.8,853.8,18.1,18.3,75,326,983,0,0.2,142,0.9,0.9,18.3,15.3,14
2026-09-09T08:07:22Z,0,0,0,0.5,0,0,18,853.9,18.2,18.5,75.7,344,1181,0,0.4,97,0.9,0.9,18.4,15.6,14.1
2026-09-09T08:22:31Z,0,0,0,1,0,0,18.3,853.8,18.4,18.8,73.9,442,2284,0,0.3,100,0.8,0.8,18.7,15.6,14.4
2026-09-09T08:37:57Z,0,0,0,0.9,0,0,19.2,853.7,19.4,19.8,69.4,424,2068,0,0.1,118,0.9,0.9,19.7,16,15.3
2026-09-09T08:53:05Z,0,0,0,0.7,0,0,19.3,853.4,19.4,19.9,68.5,388,1658,0,0.4,127,1.1,1.1,19.8,16,15.4
2026-09-09T09:08:14Z,0,0,0,0.7,0,0,19.7,853.2,19.8,20.2,67,393,1729,0,0.4,80,0.9,0.9,20.1,16.1,15.6
2026-09-09T09:23:22Z,0,0,0,1,0,0,20.3,853,20.2,20.6,65.6,442,2296,0,0.1,60,0.4,0.4,20.5,16.2,16
2026-09-09T09:38:30Z,0,0,0,1.2,0,0,20.5,852.7,20.6,21,63.9,486,2759,0,0,81,0.2,0.2,20.9,16.4,16.3
2026-09-09T09:53:38Z,0,0,0,1.1,0,0,21.1,852.5,21.1,21.8,60.4,472,2621,0,0.4,60,1.1,1.1,21.7,16.7,17
2026-09-09T10:09:00Z,0,0,0,1.1,0,0,21,852.2,21.2,21.6,60.6,470,2597,0,0.3,123,0.9,0.9,21.5,16.5,16.9
2026-09-09T10:24:09Z,0,0,0,1.3,0,0,21.1,851.9,21.2,21.7,59.6,504,2978,0,0.4,102,1.1,1.1,21.6,16.5,17
2026-09-09T10:39:19Z,0,0,0,1.5,0,0,21.4,851.8,21.7,22,58.3,534,3376,0,0.7,110,1.5,1.5,21.9,16.6,17.2
2026-09-09T10:54:28Z,0,0,0,1.2,0,0,21.6,851.5,22.1,22.3,56.6,486,2771,0,1.1,164,2,2,22.2,16.6,17.5
2026-09-09T11:09:37Z,0,0,0,1,0,0,21.6,851.3,22,22.2,57.1,445,2421,0,0.3,155,1.1,1.1,22.1,16.6,17.4
2026-09-09T11:25:03Z,0,0,0,1.5,0,0,22.2,851,22.6,23,54.2,531,3237,0,1.6,174,3.3,3.3,22.8,16.8,18
2026-09-09T11:40:11Z,0,0,0,1.1,0,0,22.4,850.7,22.7,22.9,53.7,468,2541,0,0.7,125,1.3,1.3,22.8,16.8,18
2026-09-09T11:55:11Z,0,0,0,2,0,0,22.7,850.6,23,23.2,52.9,638,4565,0,0.8,122,1.5,1.5,23.1,16.9,18.2
2026-09-09T12:10:19Z,0,0,0,0.8,0,0,22.1,850.4,22.6,22.8,53.7,403,1855,0,0.9,174,1.5,1.5,22.6,16.6,17.8
2026-09-09T12:25:29Z,0,0,0,1.1,0,0,21.3,850.4,21.6,21.8,56.4,456,2420,0,1.4,186,3.1,3.1,21.7,16.2,17
2026-09-09T12:40:37Z,0,0,0,1,0,0,21.9,850.4,22.2,22.4,55.3,453,2397,0,0.1,196,0.9,0.9,22.3,16.5,17.5
2026-09-09T12:55:45Z,0,0,0,0.9,0,0,22.2,850.2,22.5,22.5,53.4,420,2042,0,0.8,172,2.4,2.4,22.4,16.4,17.6
2026-09-09T13:11:06Z,0,0,0,0.6,0,0,22.2,850.1,22.6,22.7,54,372,1529,0,1.4,173,3.1,3.1,22.6,16.6,17.8
2026-09-09T13:26:15Z,0,0,0,0.6,0,0,21.8,850,22.1,22.2,55.6,374,1535,0,0.6,119,2.3,2.3,22.1,16.4,17.4
2026-09-09T13:41:23Z,0,0,0,0.7,0,0,22,849.9,22.3,22.5,54.6,391,1701,0,1.1,148,2.2,2.2,22.3,16.5,17.6
2026-09-09T13:56:31Z,0,0,0,0.6,0,0,22.2,850,22.4,22.7,54.3,361,1377,0,0.1,110,0.2,0.2,22.6,16.6,17.8
2026-09-09T14:11:40Z,0,0,0,0.4,0,0,21.8,849.9,22.1,22.3,54.5,333,1054,0,0.7,86,1.5,1.5,22.2,16.3,17.5
2026-09-09T14:27:16Z,0,0,0,0.3,0,0,21.7,850.1,21.9,22.1,54.6,320,916,0,0.2,150,0.9,0.9,22,16.2,17.3
2026-09-09T14:42:25Z,0,0,0,0.2,0,0,21.7,850.1,21.9,22.1,54.5,296,640,0,1.1,160,1.8,1.8,21.9,16.1,17.2
2026-09-09T14:57:34Z,0,0,0,0.1,0,0,21.4,850.2,21.6,21.8,54.7,279,462,0,0.6,98,1.3,1.3,21.6,15.9,17
2026-09-09T15:12:43Z,0,0,0,0.1,0,0,21.3,850.4,21.4,21.6,55.3,266,291,0,1,156,2.2,2.2,21.4,15.8,16.8
2026-09-09T15:27:51Z,0,0,0,0,0,0,21.2,850.6,21.3,21.5,55.5,262,264,0,0.8,152,1.5,1.5,21.3,15.8,16.7
2026-09-09T15:43:11Z,0,0,0,0,0,0,21.1,850.7,21.2,21.4,55.8,260,255,0,0.6,222,1.5,1.5,21.2,15.7,16.6
2026-09-09T15:58:36Z,0,0,0,0,0,0,20.9,850.7,21.1,21.2,55.3,259,253,0,0.7,127,1.9,1.9,21.1,15.5,16.5
2026-09-09T16:13:45Z,0,0,0,0,0,0,20.8,851,20.9,21.1,54.8,261,253,0,0,130,0.2,0.2,20.9,15.3,16.4
2026-09-09T16:28:54Z,0,0,0,0,0,0,20.8,851.1,20.9,21.1,55.2,260,253,0,0.5,123,1,1,20.9,15.4,16.4
2026-09-09T16:44:03Z,0,0,0,0,0,0,20.6,851.4,20.8,21,55.8,260,253,0,0,134,0,0,20.8,15.3,16.2
2026-09-09T16:59:11Z,0,0,0,0,0,0,20.4,851.6,20.6,20.8,56.9,260,253,0,0,134,0,0,20.6,15.3,16.1
2026-09-09T17:14:40Z,0,0,0,0,0,0,20.2,851.8,20.3,20.5,58.7,261,253,0,0,134,0,0,20.3,15.3,15.8
2026-09-09T17:29:47Z,0,0,0,0,0,0,19.9,851.8,20.1,20.3,59.3,260,252,0,0,134,0,0,20.1,15.2,15.6
2026-09-09T17:44:55Z,0,0,0,0,0,0,19.8,851.8,19.9,20.1,59.5,261,254,0,0,134,0,0,20,15.1,15.5
2026-09-09T18:00:04Z,0,0,0,0,0,0,19.7,851.9,19.8,20,60.5,259,254,0,0,134,0,0,19.8,15.1,15.4
2026-09-09T18:15:13Z,0,0,0,0,0,0,19.6,852.1,19.8,19.9,60.3,259,253,0,0,134,0,0,19.8,15,15.3
2026-09-09T18:30:42Z,0,0,0,0,0,0,19.6,852.1,19.8,19.9,60.2,259,253,0,0,134,0,0,19.7,15,15.3
2026-09-09T18:45:51Z,0,0,0,0,0,0,20,852.5,20.1,20.2,57.7,259,253,0,1.3,157,3.1,3.1,20,14.9,15.6
2026-09-09T19:01:00Z,0,0,0,0,0,0,20,852.6,20.2,20.4,58.8,261,252,0,0.9,183,2.8,2.8,20.2,15.2,15.7
2026-09-09T19:16:09Z,0,0,0,0,0,0,19.7,852.8,19.9,20.1,61.9,260,253,0,0.3,144,0.7,0.7,20,15.4,15.5
2026-09-09T19:31:18Z,0,0,0,0,0,0,19.4,852.9,19.6,19.8,64.9,260,254,0,1,139,1.7,1.7,19.7,15.5,15.3
2026-09-09T19:46:45Z,0,0,0,0,0,0,19.2,853.2,19.4,19.6,66.3,261,254,0,1.1,179,3.9,3.9,19.4,15.4,15.1
2026-09-09T20:01:54Z,0,0,0,0,0,0,18.8,853.2,19.1,19.3,67.8,260,254,0,0.8,170,2.2,2.2,19.1,15.3,14.8
2026-09-09T20:17:03Z,0,0,0,0,0,0,18.6,853.1,18.8,19,69.6,260,255,0,0.6,131,1.5,1.5,18.9,15.3,14.6
2026-09-09T20:32:12Z,0,0,0,0,0,0,18.3,852.9,18.6,18.7,72.4,259,253,0,0.5,154,2,2,18.6,15.4,14.3
2026-09-09T20:47:20Z,0,0,0,0,0,0,18.1,852.8,18.3,18.5,75.8,260,253,0,0.4,173,1.3,1.3,18.4,15.6,14.1
2026-09-09T21:02:48Z,0,0,0,0,0,0,17.8,852.6,18,18.2,77.9,261,253,0,1.6,188,3.9,3.9,18.2,15.6,13.9
2026-09-09T21:17:57Z,0,0,0,0,0,0,17.7,852.4,17.9,18.1,78.4,259,253,0,0.7,105,2,2,18.1,15.5,13.8
2026-09-09T21:33:05Z,0,0,0,0,0,0,17.6,852.3,17.8,18,78.9,260,254,0,0.1,85,0.7,0.7,18,15.5,13.7
2026-09-09T21:48:14Z,0,0,0,0,0,0,17.5,852,17.7,18,79.3,261,253,0,0.3,123,0.9,0.9,17.9,15.5,13.6
2026-09-09T22:03:23Z,0,0,0,0,0,0,17.4,851.9,17.6,17.8,79.9,260,254,0,0.4,84,1.1,1.1,17.8,15.4,13.5
2026-09-09T22:18:50Z,0,0,0,0,0,0,17.1,852.1,17.3,17.6,81.3,261,254,0,0.5,138,1.5,1.5,17.5,15.4,13.3
2026-09-09T22:33:59Z,0,0,0,0,0,0,17,852,17.1,17.4,82,259,255,0,0.1,88,0.4,0.4,17.4,15.3,13.1
2026-09-09T22:49:08Z,0,0,0,0,0,0,16.9,851.9,17.1,17.3,81.7,261,253,0,0.6,143,1.3,1.3,17.3,15.2,13
2026-09-09T23:04:16Z,0,0,0,0,0,0,16.8,852,16.9,17.3,81.7,261,253,0,0.6,150,1.3,1.3,17.2,15.1,13
2026-09-09T23:19:25Z,0,0,0,0,0,0,16.6,852,16.7,17,82.2,260,254,0,0.3,149,1.1,1.1,17,14.9,12.7
2026-09-09T23:34:53Z,0,0,0,0,0,0,16.5,852.1,16.6,16.9,83,260,253,0,0.6,143,1.5,1.5,16.9,14.9,12.6
2026-09-09T23:50:02Z,0,0,0,0,0,0,16.5,851.8,16.6,16.9,83.3,260,253,0,0,172,0,0,16.8,14.9,12.6
2026-09-10T00:00:08Z,0,0,0,0,0,0,16.5,851.9,16.6,16.9,83.2,259,253,0,0.1,172,0.4,0.4,16.8,14.9,12.6
2026-09-10T00:15:17Z,0,0,0,0,0,0,16.4,851.9,16.6,16.8,83.3,261,252,0,0.3,132,1.5,1.5,16.8,14.9,12.5
2026-09-10T00:30:26Z,0,0,0,0,0,0,16.4,851.9,16.5,16.8,83.6,261,254,0,0.3,176,0.9,0.9,16.8,14.9,12.5
2026-09-10T00:45:53Z,0,0,0,0,0,0,16.3,851.9,16.4,16.7,84.3,261,253,0,0.5,154,1.7,1.7,16.7,14.9,12.4
2026-09-10T01:01:11Z,0,0,0,0,0,0,16.2,851.9,16.4,16.6,84.8,260,254,0,0.4,153,1.1,1.1,16.6,14.8,12.3
2026-09-10T01:16:19Z,0,0,0,0,0,0,16.2,851.9,16.4,16.6,84.8,261,254,0,0.3,153,0.9,0.9,16.5,14.8,12.3
2026-09-10T01:31:28Z,0,0,0,0,0,0,16.2,852,16.3,16.6,85.5,260,253,0,0.3,73,0.9,0.9,16.6,14.9,12.4
2026-09-10T01:46:56Z,0,0,0,0,0,0,16,852.1,16.3,16.5,87.2,260,253,0,0.8,71,1.3,1.3,16.5,15,12.3
2026-09-10T02:02:04Z,0,0,0,0,0,0,15.9,852.1,16.2,16.4,88.1,260,252,0,0.6,71,1.1,1.1,16.4,15,12.2
2026-09-10T02:17:13Z,0,0,0,0,0,0,15.9,852,16.2,16.3,88.4,259,253,0,0.1,72,0.4,0.4,16.3,15,12.1
2026-09-10T02:32:22Z,0,0,0,0,0,0,15.9,852.1,16.1,16.3,88.6,260,253,0,0.3,72,0.7,0.7,16.3,15,12.1
2026-09-10T02:47:31Z,0,0,0,0,0,0,15.8,852.3,16.1,16.2,89,260,254,0,0.5,67,0.7,0.7,16.2,14.9,12
2026-09-10T03:02:58Z,0,0,0,0,0,0,15.9,852.4,16.1,16.2,89.1,261,252,0,0.3,77,0.9,0.9,16.3,15,12
2026-09-10T03:18:16Z,0,0,0,0,0,0,15.8,852.6,16.1,16.2,89.4,261,255,0,1,77,2,2,16.2,15,12
2026-09-10T03:33:25Z,0,0,0,0,0,0,15.8,852.8,16.1,16.2,89.7,262,262,0,0.5,92,1.1,1.1,16.2,15,12
2026-09-10T03:49:15Z,0,0,0,0.1,0,0,15.7,852.9,16,16.1,90,270,379,0,0.8,72,1.5,1.5,16.1,15,11.9
2026-09-10T04:04:23Z,0,0,0,0.1,0,0,15.7,853.2,16,16.1,90.2,274,403,0,0.9,84,1.3,1.3,16.1,14.9,11.9
2026-09-10T04:19:32Z,0,0,0,0.2,0,0,15.8,853.4,16.1,16.2,90,290,560,0,0.5,72,0.9,0.9,16.2,15,12
2026-09-10T04:35:01Z,0,0,0,0.1,0,0,16,853.6,16.3,16.4,89.2,279,466,0,0.1,94,0.4,0.4,16.4,15.1,12.2
2026-09-10T04:50:10Z,0,0,0,0.2,0,0,16.3,853.8,16.4,16.7,88.5,304,726,0,0.1,100,0.7,0.7,16.7,15.3,12.5
2026-09-10T05:05:20Z,0,0,0,0.3,0,0,16.5,853.9,16.6,16.9,87.1,323,961,0,0,63,0.4,0.4,16.9,15.3,12.7
2026-09-10T05:20:29Z,0,0,0,1.1,0,0,17.2,854.1,17.2,17.4,84.7,463,2645,0,0.7,103,1.1,1.1,17.4,15.6,13.2
2026-09-10T05:35:38Z,0,0,0,1.1,0,0,19.3,854.2,19,19.3,77.2,461,2462,0,1.3,90,2,2,19.3,16.6,15
2026-09-10T05:51:03Z,0,0,0,1.6,0,0,20.6,854.2,20.6,20.5,71.7,560,3676,0,0.3,117,0.9,0.9,20.5,17,16
2026-09-10T06:06:11Z,0,0,0,2.1,0,0,20.6,854.3,21.1,20.4,70,646,4652,0,0.3,247,0.7,0.7,20.4,16.7,15.9
2026-09-10T06:21:20Z,0,0,0,1.6,0,0,20.1,854.4,20.7,20.5,68.4,556,3459,0,0.5,240,1.7,1.7,20.5,16.6,16
2026-09-10T06:36:29Z,0,0,0,1.1,0,0,20.2,854.5,20.8,20.5,68.2,457,2300,0,0.2,240,0.8,0.8,20.4,16.5,15.9
2026-09-10T06:51:37Z,0,0,0,3.4,0,0,21.2,854.5,21.8,21.6,63.7,894,7543,0,0.8,240,1.5,1.5,21.6,17,16.9
2026-09-10T07:06:45Z,0,0,0,1.9,0,0,22.3,854.5,22.5,22.8,61.2,606,4006,0,0.4,240,1.5,1.5,22.7,17.7,17.9
2026-09-10T07:22:07Z,0,0,0,3.2,0,0,21.1,854.4,21.7,21.7,63.2,846,7094,0,0.2,240,0.4,0.4,21.7,17,17
2026-09-10T07:37:16Z,0,0,0,1.6,0,0,22,854.3,22.3,22.4,61.5,550,3459,0,0.1,239,0.4,0.4,22.4,17.4,17.6
2026-09-10T07:52:24Z,0,0,0,1.5,0,0,22,854.2,22.2,22.6,59.1,542,3343,0,0.5,239,2,2,22.6,17.3,17.8
2026-09-10T08:07:33Z,0,0,0,1.9,0,0,23,854,23.1,23.7,55.5,618,4086,0,0.4,239,1.3,1.3,23.6,17.7,18.7
2026-09-10T08:22:42Z,0,0,0,1.6,0,0,22.6,853.9,22.8,23.2,56.3,552,3414,0,0.9,67,2,2,23.2,17.4,18.3
2026-09-10T08:37:50Z,0,0,0,1.5,0,0,23.6,853.7,23.7,24.1,53.4,528,3183,0,1.1,92,1.7,1.7,24,17.7,19
2026-09-10T08:53:12Z,0,0,0,1.9,0,0,22.8,853.6,23.2,23.5,52.5,607,4028,0,0.4,135,1.7,1.7,23.3,17,18.4
2026-09-10T09:08:21Z,0,0,0,1.5,0,0,23.4,853.4,23.8,24.1,52.4,543,3349,0,0.1,131,0.5,0.5,24,17.6,19
2026-09-10T09:23:30Z,0,0,0,1.8,0,0,23.2,853.3,23.8,24,52.3,583,3739,0,0.7,138,1.3,1.3,23.9,17.5,18.9
2026-09-10T09:38:39Z,0,0,0,1.2,0,0,23.3,853.1,23.8,24,52.6,477,2650,0,0.6,130,1.7,1.7,23.9,17.5,18.9
2026-09-10T09:54:21Z,0,0,0,1.9,0,0,23.1,852.9,23.5,23.7,53,607,4066,0,0.7,140,1.5,1.5,23.6,17.4,18.7
2026-09-10T10:09:30Z,0,0,0,1.9,0,0,24.8,852.6,25.2,25.5,49.2,602,3932,0,0.3,148,0.9,0.9,25.4,18.3,20.1
2026-09-10T10:24:40Z,0,0,0,3.8,0,0,24.8,852.2,24.8,25.1,50,976,8204,0,0.4,115,1.1,1.1,25,18.1,19.8
2026-09-10T10:39:48Z,0,0,0,3.7,0,0,24.9,852,25.4,25.4,48.3,942,7824,0,0.7,200,1.3,1.3,25.3,18,20
2026-09-10T10:55:16Z,0,0,0,3.7,0,0,24.8,851.6,25.2,25.6,49.5,943,7932,0,0.1,173,0.7,0.7,25.5,18.4,20.2
2026-09-10T11:10:24Z,0,0,0,1.2,0,0,24.5,851.4,24.8,25.3,50,484,2619,0,0.5,150,1.1,1.1,25.2,18.2,19.9
2026-09-10T11:25:33Z,0,0,0,3.7,0,0,24.3,851.2,24.6,24.9,49.1,950,8287,0,1,203,2,2,24.8,17.8,19.6
2026-09-10T11:40:42Z,0,0,0,1.1,0,0,24.5,850.9,24.9,25.1,49.4,467,2534,0,0.2,149,0.4,0.4,25,18,19.8
2026-09-10T11:55:51Z,0,0,0,0.9,0,0,24,850.7,24.2,24.7,50.7,423,1994,0,1.5,162,3.7,3.7,24.6,17.9,19.5
2026-09-10T12:11:20Z,0,0,0,2,0,0,24.5,850.5,24.8,25.2,49.8,635,4432,0,0.4,79,1.5,1.5,25.1,18.1,19.8
2026-09-10T12:26:28Z,0,0,0,2.1,0,0,25.3,850.2,25.3,26.1,47.2,648,4604,0,0.8,122,1.3,1.3,26,18.5,20.6
2026-09-10T12:41:37Z,0,0,0,1,0,0,25.1,849.9,25.6,25.5,46.5,437,2152,0,1.2,207,2.2,2.2,25.4,17.8,20
2026-09-10T12:56:46Z,0,0,0,0.9,0,0,24.8,849.8,25.2,25.5,45.7,424,2041,0,0.8,198,1.7,1.7,25.4,17.8,20.1
2026-09-10T13:11:55Z,0,0,0,0.6,0,0,24.7,849.7,25.1,25.5,46.5,380,1422,0,0.1,187,0.2,0.2,25.4,17.9,20.1
2026-09-10T13:27:21Z,0,0,0,0.6,0,0,24.8,849.5,25.1,25.5,46.8,379,1560,0,0.2,133,0.7,0.7,25.4,17.9,20.1
2026-09-10T13:42:30Z,0,0,0,0.6,0,0,24.6,849.5,24.9,25.1,47,359,1339,0,0.8,176,1.7,1.7,25,17.6,19.7
2026-09-10T13:57:38Z,0,0,0,1,0,0,24.6,849.4,24.9,25.2,47.6,440,2396,0,0.8,185,1.7,1.7,25.1,17.8,19.9
2026-09-10T14:13:28Z,0,0,0,0.4,0,0,24.1,849.5,24.3,24.6,48.6,324,862,0,0.5,170,1.3,1.3,24.5,17.4,19.4
2026-09-10T14:28:37Z,0,0,0,0.3,0,0,24,849.6,24.2,24.4,48,313,770,0,0.4,146,1.1,1.1,24.3,17.2,19.2
2026-09-10T14:43:46Z,0,0,0,0.2,0,0,23.8,849.6,24.1,24.2,48.8,292,573,0,0.3,206,0.7,0.7,24.1,17.1,19
2026-09-10T14:59:11Z,0,0,0,0.1,0,0,23.7,849.8,23.9,24.1,49.4,276,424,0,0.3,129,1.3,1.3,24,17.1,18.9
2026-09-10T15:14:19Z,0,0,0,0.1,0,0,23.4,849.8,23.6,23.7,50.8,267,320,0,0.9,195,1.4,1.4,23.6,17,18.6
2026-09-10T15:29:28Z,0,0,0,0,0,0,23.2,850.1,23.4,23.6,51.1,263,263,0,1.6,145,2.6,2.6,23.4,16.9,18.5
2026-09-10T15:44:36Z,0,0,0,0,0,0,22.7,850.3,22.9,23,53.9,261,254,0,2.4,167,4.4,4.4,22.9,16.9,18.1
2026-09-10T15:59:45Z,0,0,0,0,0,0,22.4,850.4,22.6,22.7,54.6,261,254,0,1.1,163,2.2,2.2,22.6,16.7,17.8
2026-09-10T16:15:14Z,0,0,0,0,0,0,22.1,850.6,22.4,22.5,55.2,261,253,0,0.4,182,1.5,1.5,22.4,16.6,17.6
2026-09-10T16:30:22Z,0,0,0,0,0,0,22,850.7,22.2,22.4,55.6,259,253,0,0.9,132,3.3,3.3,22.2,16.5,17.5
2026-09-10T16:45:31Z,0,0,0,0,0,0,21.7,850.8,21.9,22.1,56.5,261,254,0,1.5,182,3.1,3.1,21.9,16.4,17.2
2026-09-10T17:00:39Z,0,0,0,0,0,0,21.5,851,21.8,21.9,56.9,261,254,0,1,136,2.2,2.2,21.8,16.3,17.1
2026-09-10T17:15:47Z,0,0,0,0,0,0,21.4,851.1,21.6,21.8,57.2,260,253,0,0.9,182,2,2,21.6,16.2,17
2026-09-10T17:30:55Z,0,0,0,0,0,0,21.2,851.3,21.4,21.6,57.3,261,253,0,1.1,176,2,2,21.4,16.1,16.8
2026-09-10T17:46:24Z,0,0,0,0,0,0,21.1,851.6,21.3,21.5,57.6,260,254,0,1.3,159,2.6,2.6,21.3,16,16.7
2026-09-10T18:01:32Z,0,0,0,0,0,0,20.9,851.8,21.1,21.3,58.7,260,253,0,1.3,164,2.2,2.2,21.1,16,16.5
2026-09-10T18:16:41Z,0,0,0,0,0,0,20.4,852.1,20.6,20.9,63.7,260,253,0,1.2,188,2.8,2.8,20.8,16.3,16.2
2026-09-10T18:31:49Z,0,0,0,0,0,0,20,852.3,20.2,20.4,66.6,259,252,0,1,158,2,2,20.3,16.2,15.8
2026-09-10T18:46:58Z,0,0,0,0,0,0,19.6,852.6,19.8,20,70,261,254,0,1.4,156,3.1,3.1,19.9,16.3,15.5
2026-09-10T19:02:21Z,0,0,0,0,0,0,19.3,852.8,19.5,19.7,71.7,259,253,0,2.3,172,5.2,5.2,19.6,16.2,15.2
2026-09-10T19:17:29Z,0,0,0,0,0,0,19.3,853.1,19.5,19.7,71.7,262,253,0,0.4,109,0.9,0.9,19.6,16.2,15.2
2026-09-10T19:32:37Z,0,0,0,0,0,0,19.1,853,19.3,19.5,72.4,260,254,0,0.4,144,0.9,0.9,19.5,16.1,15.1
2026-09-10T19:47:46Z,0,0,0,0,0,0,19,853.2,19.1,19.4,72.9,260,253,0,0.2,161,0.7,0.7,19.3,16.1,14.9
2026-09-10T20:02:55Z,0,0,0,0,0,0,18.5,853.1,18.7,18.9,73.4,261,253,0,1.2,167,2.4,2.4,18.9,15.7,14.5
2026-09-10T20:18:04Z,0,0,0,0,0,0,18.2,853.2,18.4,18.6,74.1,261,254,0,1,138,2.4,2.4,18.6,15.5,14.3
2026-09-10T20:33:26Z,0,0,0,0,0,0,18.1,853.1,18.3,18.5,74.3,259,254,0,0.4,121,0.9,0.9,18.4,15.4,14.1
2026-09-10T20:48:35Z,0,0,0,0,0,0,18.1,853,18.2,18.5,74.4,260,253,0,0.2,130,0.7,0.7,18.4,15.4,14.1
2026-09-10T21:03:43Z,0,0,0,0,0,0,18,853.1,18.1,18.4,74.6,259,254,0,0.1,134,0.7,0.7,18.3,15.3,14
2026-09-10T21:18:52Z,0,0,0,0,0,0,17.8,852.9,18,18.2,75.1,260,254,0,0.3,185,0.9,0.9,18.1,15.2,13.8
2026-09-10T21:34:01Z,0,0,0,0,0,0,17.6,852.9,17.8,18,75.3,261,253,0,0.1,130,0.7,0.7,18,15.1,13.7
2026-09-10T21:49:30Z,0,0,0,0,0,0,17.4,852.7,17.6,17.8,75.9,261,253,0,0.4,73,1.3,1.3,17.7,15,13.5
2026-09-10T22:04:39Z,0,0,0,0,0,0,17.4,852.5,17.6,17.8,76.4,259,253,0,0.2,131,0.7,0.7,17.7,14.9,13.4
2026-09-10T22:19:48Z,0,0,0,0,0,0,17.1,852.3,17.2,17.5,77.8,260,253,0,0.1,132,0.4,0.4,17.4,14.9,13.2
2026-09-10T22:34:57Z,0,0,0,0,0,0,17.1,852.3,17.2,17.5,78.5,261,253,0,0.2,132,0.7,0.7,17.4,15,13.2
2026-09-10T22:50:07Z,0,0,0,0,0,0,17.2,852.2,17.3,17.5,79,260,254,0,0.6,131,1.3,1.3,17.5,15.1,13.2
2026-09-10T23:05:34Z,0,0,0,0,0,0,17,852,17.2,17.4,80,260,254,0,0.3,131,1.1,1.1,17.4,15.1,13.1
2026-09-10T23:20:37Z,0,0,0,0,0,0,17,852,17.1,17.4,80.8,260,253,0,0.2,131,0.7,0.7,17.4,15.1,13.1
2026-09-10T23:35:46Z,0,0,0,0,0,0,16.8,851.9,17,17.3,81.5,259,254,0,0.2,131,0.7,0.7,17.2,15.1,13
2026-09-10T23:50:55Z,0,0,0,0,0,0,16.7,851.8,16.9,17.2,82,260,253,0,0.1,93,0.4,0.4,17.2,15.1,12.9
2026-09-11T00:00:01Z,0,0,0,0,0,0,16.7,851.8,16.8,17.1,82.6,258,252,0,0.9,88,1.3,1.3,17.1,15.1,12.8
2026-09-11T00:15:11Z,0,0,0,0,0,0,16.6,851.7,16.8,17,83.1,261,254,0,0.4,78,0.9,0.9,17,15,12.8
2026-09-11T00:30:35Z,0,0,0,0,0,0,16.6,851.6,16.7,17,83.3,260,253,0,0.1,75,0.4,0.4,17,15,12.7
2026-09-11T00:45:44Z,0,0,0,0,0,0,16.6,851.7,16.7,17,83.4,260,254,0,0.1,76,0.4,0.4,16.9,15,12.7
2026-09-11T01:00:50Z,0,0,0,0,0,0,16.6,851.7,16.7,17,83.7,260,254,0,0,74,0,0,17,15.1,12.8
2026-09-11T01:15:59Z,0,0,0,0,0,0,16.6,851.6,16.8,17,83.6,260,253,0,0.2,74,0.6,0.6,17,15.1,12.8
2026-09-11T01:31:08Z,0,0,0,0,0,0,16.6,851.7,16.7,17,83.8,260,253,0,0.4,73,0.7,0.7,17,15.1,12.7
2026-09-11T01:46:37Z,0,0,0,0,0,0,16.5,851.8,16.7,16.9,84.1,259,254,0,0,74,0,0,16.9,15,12.7
2026-09-11T02:01:46Z,0,0,0,0,0,0,16.5,852,16.6,16.9,84.5,260,254,0,0.1,74,0.2,0.2,16.8,15,12.6
2026-09-11T02:16:56Z,0,0,0,0,0,0,16.5,852,16.6,16.8,84.7,260,252,0,0.3,74,0.9,0.9,16.8,15,12.6
2026-09-11T02:32:04Z,0,0,0,0,0,0,16.4,852,16.6,16.8,85.2,261,253,0,0.2,108,0.4,0.4,16.8,15.1,12.6
2026-09-11T02:47:14Z,0,0,0,0,0,0,16.4,852.2,16.6,16.8,85.8,260,254,0,0.7,76,1.1,1.1,16.8,15.2,12.6
2026-09-11T03:02:41Z,0,0,0,0,0,0,16.3,852.5,16.5,16.8,86.6,262,253,0,0.6,99,0.9,0.9,16.8,15.2,12.5
2026-09-11T03:17:50Z,0,0,0,0,0,0,16.4,852.5,16.5,16.8,86.8,261,256,0,0.2,81,0.7,0.7,16.8,15.2,12.6
2026-09-11T03:32:59Z,0,0,0,0,0,0,16.4,852.5,16.5,16.8,87.1,263,280,0,0.1,111,0.4,0.4,16.8,15.2,12.5
2026-09-11T03:48:08Z,0,0,0,0.1,0,0,16.3,852.8,16.5,16.8,87.4,272,365,0,0.5,90,1.5,1.5,16.8,15.3,12.5
2026-09-11T04:03:16Z,0,0,0,0.1,0,0,16.4,853,16.6,16.8,87.4,281,481,0,0.5,84,1.1,1.1,16.8,15.3,12.6
2026-09-11T04:18:45Z,0,0,0,0.2,0,0,16.6,853.1,16.7,17,87.2,298,659,0,0,93,0,0,17,15.5,12.8
2026-09-11T04:33:52Z,0,0,0,0.3,0,0,16.8,853.1,16.9,17.2,86.3,318,889,0,1,89,2,2,17.2,15.6,13
2026-09-11T04:49:01Z,0,0,0,0.5,0,0,17.3,853.1,17.3,17.6,84.9,342,1145,0,0.6,82,1.1,1.1,17.6,15.8,13.4
2026-09-11T05:04:10Z,0,0,0,0.9,0,0,18.2,853.3,18.2,18.5,82.3,418,2033,0,0.3,78,0.7,0.7,18.5,16.3,14.2
2026-09-11T05:19:18Z,0,0,0,0.7,0,0,18.5,853.5,18.8,18.9,78.3,387,1663,0,0,128,0,0,18.9,16.3,14.6
2026-09-11T05:34:27Z,0,0,0,2,0,0,19.7,853.6,19.7,19.8,76.5,638,4750,0,0.1,75,0.6,0.6,19.8,16.9,15.4
2026-09-11T05:49:52Z,0,0,0,0.8,0,0,20.3,853.7,20.2,20.6,70,411,1897,0,0.9,139,1.5,1.5,20.6,16.8,16.1
2026-09-11T06:05:00Z,0,0,0,0.6,0,0,19.2,854,19.5,19.7,70.1,374,1504,0,0.7,141,1.3,1.3,19.6,16,15.2
2026-09-11T06:20:09Z,0,0,0,1,0,0,19.6,854.1,19.9,20,70.7,450,2286,0,0.4,142,0.9,0.9,20,16.4,15.5
2026-09-11T06:35:18Z,0,0,0,1.2,0,0,21.3,854.1,21.3,21.5,66.7,482,2607,0,0,142,0.4,0.4,21.5,17.2,16.8
2026-09-11T06:50:27Z,0,0,0,3.1,0,0,23,854.1,22.9,23.2,60,842,6865,0,0.1,80,0.4,0.4,23.2,17.9,18.3
2026-09-11T07:05:54Z,0,0,0,0.9,0,0,21.8,853.9,21.9,22.7,56.8,433,2166,0,0.7,59,1.1,1.1,22.6,17,17.8
2026-09-11T07:21:01Z,0,0,0,1,0,0,21.5,853.9,21.7,21.8,60.9,436,2201,0,0,188,0.2,0.2,21.7,16.7,17
2026-09-11T07:36:10Z,0,0,0,1.2,0,0,21.3,853.6,21.7,21.7,59.5,479,2627,0,0.4,147,0.7,0.7,21.6,16.5,17
2026-09-11T07:51:19Z,0,0,0,1.2,0,0,22.5,853.5,22.9,22.6,56.4,484,2699,0,0.7,109,1.6,1.6,22.5,16.8,17.7
2026-09-11T08:06:28Z,0,0,0,1.1,0,0,21.6,853.3,22.1,22.1,58,464,2538,0,0.8,181,2,2,22,16.6,17.3
2026-09-11T08:21:55Z,0,0,0,3.5,0,0,22.6,853.1,22.9,22.8,55.3,912,7520,0,1.4,250,2,2,22.7,16.9,17.9
2026-09-11T08:37:04Z,0,0,0,0.9,0,0,23,853,22.9,23,54.9,433,2152,0,0.3,255,1.3,1.3,22.9,17,18
2026-09-11T08:52:12Z,0,0,0,1.5,0,0,23.4,852.7,23.1,23.2,56.5,529,3223,0,0.2,255,0.9,0.9,23.1,17.4,18.2
2026-09-11T09:07:20Z,0,0,0,2.5,0,0,24.7,852.4,24.6,24.6,52.5,725,5336,0,0.1,26,0.4,0.4,24.5,18,19.4
2026-09-11T09:22:28Z,0,0,0,1.6,0,0,25.4,852.1,25.2,25.4,49.3,555,3404,0,0,285,0.4,0.4,25.3,18.2,20
2026-09-11T09:37:35Z,0,0,0,3.3,0,0,24.5,851.8,25,25.4,48.2,873,7025,0,0.3,128,0.7,0.7,25.3,18,20
2026-09-11T09:52:58Z,0,0,0,1.7,0,0,24.7,851.5,25.2,25.5,47.7,575,3585,0,0.3,204,0.7,0.7,25.4,18,20.1
2026-09-11T10:08:06Z,0,0,0,0.9,0,0,24,851.1,24.8,24.5,49.7,431,1938,0,0.3,221,0.9,0.9,24.4,17.5,19.3
2026-09-11T10:23:14Z,0,0,0,1,0,0,25.5,850.9,26.1,26.2,44.9,447,2202,0,0.7,216,1.5,1.5,26.2,18.2,20.7
2026-09-11T10:38:22Z,0,0,0,2.7,0,0,25.3,850.6,25.2,25.8,45.5,763,5812,0,1.1,55,1.7,1.7,25.8,18,20.3
2026-09-11T10:53:30Z,0,0,0,1.3,0,0,24.7,850.4,25.1,25.3,45.5,494,2844,0,1.2,149,2,2,25.2,17.6,19.9
2026-09-11T11:08:55Z,0,0,0,1.6,0,0,24.8,850.2,25.1,25.3,46.5,562,3555,0,0.7,135,2,2,25.2,17.7,19.9
2026-09-11T11:25:03Z,0,0,0,1,0,0,26.7,849.8,26.6,27.4,42.5,450,2342,0,0.5,92,1.1,1.1,27.3,18.8,21.5
2026-09-11T11:40:12Z,0,0,0,0.8,0,0,24.6,849.7,25.1,25.3,47,406,1870,0,0.7,109,2,2,25.2,17.7,19.9
2026-09-11T11:55:20Z,0,0,0,0.7,0,0,24.4,849.5,24.8,25,48.2,392,1713,0,1.3,79,4.4,4.4,24.9,17.7,19.7
2026-09-11T12:10:29Z,0,0,0,0.8,0,0,24.4,849.3,24.6,24.9,49.3,397,1787,0,0,96,0.4,0.4,24.8,17.8,19.6
2026-09-11T12:26:06Z,0,0,0,0.6,0,0,24.4,849.3,24.4,24.9,48.2,360,1368,0,0.9,84,1.3,1.3,24.8,17.7,19.6
2026-09-11T12:41:14Z,0,0,0,0.7,0,0,24,849.2,24.2,24.6,50.7,395,1729,0,0.5,142,1.5,1.5,24.5,17.7,19.4
2026-09-11T12:56:23Z,0,0,0,2.4,0,0,24.7,849.1,24.9,25.2,48.3,706,5448,0,0.6,111,1.3,1.3,25.1,17.9,19.9
2026-09-11T13:11:31Z,0,0,0,0.7,0,0,24.7,849.1,24.9,25.4,47.9,389,1678,0,1.4,135,2.2,2.2,25.4,18,20
2026-09-11T13:27:05Z,0,0,0,0.8,0,0,24.4,849.1,24.6,24.9,49.8,396,1729,0,0.2,106,0.7,0.7,24.8,17.9,19.6
2026-09-11T13:42:11Z,0,0,0,0.6,0,0,24.1,849.2,24.2,24.5,51,368,1422,0,0.8,77,2,2,24.5,17.8,19.3
2026-09-11T13:57:34Z,0,0,0,0.4,0,0,23.8,849.1,24,24.2,51.9,339,1049,0,1.6,175,3.5,3.5,24.1,17.6,19.1
2026-09-11T14:12:43Z,0,0,0,0.5,0,0,24.1,849.2,24.3,24.6,50.8,344,1136,0,0.9,82,1.9,1.9,24.5,17.7,19.3
2026-09-11T14:27:44Z,0,0,0,0.2,0,0,23.4,849.3,23.6,23.9,52.7,298,603,0,0.7,143,1.5,1.5,23.8,17.4,18.8
2026-09-11T14:42:52Z,0,0,0,0.2,0,0,23.2,849.5,23.4,23.5,53.8,304,725,0,0.7,117,1.3,1.3,23.5,17.3,18.5
2026-09-11T14:58:01Z,0,0,0,0.2,0,0,22.8,849.6,23,23.2,54.3,292,619,0,0.2,193,0.9,0.9,23.1,17.1,18.2
2026-09-11T15:13:10Z,0,0,0,0.1,0,0,22.6,849.6,22.8,23,55,271,364,0,0.7,128,2,2,22.8,17,18
2026-09-11T15:28:39Z,0,0,0,0,0,0,22.2,849.7,22.4,22.6,56.4,262,265,0,1.3,172,3.1,3.1,22.5,16.8,17.7
2026-09-11T15:43:49Z,0,0,0,0,0,0,22,849.9,22.2,22.4,56.9,260,254,0,0.1,77,0.4,0.4,22.2,16.7,17.5
2026-09-11T15:58:58Z,0,0,0,0,0,0,21.7,850.1,21.9,22.1,57.2,262,254,0,0.6,35,1.7,1.7,22,16.5,17.3
2026-09-11T16:14:07Z,0,0,0,0,0,0,21.6,850.3,21.7,21.9,58.1,260,254,0,0.4,181,0.9,0.9,21.8,16.5,17.1
2026-09-11T16:29:16Z,0,0,0,0,0,0,21.4,850.5,21.6,21.8,59,261,254,0,0.3,136,0.9,0.9,21.7,16.5,17.1
2026-09-11T16:44:41Z,0,0,0,0,0,0,21.2,850.8,21.3,21.6,63.6,261,254,0,0.6,105,1.5,1.5,21.5,16.9,16.9
2026-09-11T16:59:51Z,0,0,0,0,0,0,20.5,851.1,20.7,20.9,67.7,259,253,0,0.7,171,1.3,1.3,20.9,16.8,16.3
2026-09-11T17:14:59Z,0,0,0,0,0,0,19.8,851.4,20,20.4,72.6,260,253,0,1.5,121,3.9,3.9,20.3,16.9,15.9
2026-09-11T17:30:51Z,0,0,0,0,0,0,19.1,851.7,19.2,19.5,76.7,260,253,0,1.1,102,2.8,2.8,19.6,16.7,15.2
2026-09-11T17:46:46Z,0,0,0,0,0,0,18.7,851.9,18.9,19.1,80,260,253,0,0.2,66,0.7,0.7,19.2,16.7,14.8
2026-09-11T18:01:49Z,0,0,0,0,0,0,18.6,852,18.8,19,81.7,261,254,0,0.4,152,0.9,0.9,19,16.7,14.7
2026-09-11T18:16:58Z,0,0,0,0,0,0,18.5,852.2,18.7,19,82.1,260,253,0,1.4,102,2.6,2.6,19,16.8,14.7
2026-09-11T18:32:06Z,0,0,0,0,0,0,18.3,852.5,18.5,18.7,83.1,260,254,0,0.3,131,0.9,0.9,18.8,16.7,14.4
2026-09-11T18:47:53Z,0,0,0,0,0,0,18.3,852.5,18.4,18.7,82.7,261,253,0,0.1,183,1.1,1.1,18.7,16.6,14.4
2026-09-11T19:03:02Z,0,0,0,0,0,0,18.1,852.7,18.4,18.6,83.3,259,253,0,0.4,155,1.5,1.5,18.6,16.6,14.3
2026-09-11T19:18:10Z,0,0,0,0,0,0,17.8,852.8,17.9,18.2,84.5,259,254,0,0.5,156,1.3,1.3,18.2,16.3,13.9
2026-09-11T19:33:19Z,0,0,0,0,0,0,17.7,852.8,17.9,18.1,84.9,260,254,0,1,188,2.2,2.2,18.1,16.3,13.9
2026-09-11T19:48:57Z,0,0,0,0,0,0,17.6,852.9,17.8,18,85.8,260,253,0,1,172,2.4,2.4,18.1,16.3,13.8
2026-09-11T20:04:06Z,0,0,0,0,0,0,17.4,852.8,17.6,17.9,86.8,261,254,0,1.1,96,2,2,17.9,16.3,13.7
2026-09-11T20:19:58Z,0,0,0,0,0,0,17.3,852.8,17.5,17.8,87.8,260,253,0,0.3,205,0.7,0.7,17.8,16.3,13.5
2026-09-11T20:35:07Z,0,0,0,0,0,0,17.2,852.7,17.4,17.6,87.8,261,254,0,0.7,96,1.1,1.1,17.7,16.2,13.4
2026-09-11T20:50:15Z,0,0,0,0,0,0,17.2,852.6,17.4,17.6,87.3,260,253,0,0.5,183,1.3,1.3,17.6,16.1,13.4
2026-09-11T21:05:24Z,0,0,0,0,0,0,17.2,852.6,17.4,17.6,87.3,260,254,0,1.1,126,2,2,17.7,16.1,13.4
2026-09-11T21:20:47Z,0,0,0,0,0,0,17.2,852.3,17.4,17.6,87.5,261,252,0,0.6,185,1.4,1.4,17.6,16.1,13.4
2026-09-11T21:35:55Z,0,0,0,0,0,0,17,852,17.2,17.5,85.6,260,254,0,0.4,106,1.5,1.5,17.5,15.8,13.2
2026-09-11T21:51:03Z,0,0,0,0,0,0,17,851.8,17.1,17.4,85.9,260,254,0,0.2,163,0.7,0.7,17.4,15.7,13.2
2026-09-11T22:06:11Z,0,0,0,0,0,0,16.9,851.8,16.9,17.3,86.7,259,254,0,0.6,100,1.7,1.7,17.3,15.7,13.1
2026-09-11T22:21:19Z,0,0,0,0,0,0,16.9,851.7,17,17.3,86.5,261,254,0,0.6,119,1.7,1.7,17.3,15.7,13.1
2026-09-11T22:36:57Z,0,0,0,0,0,0,16.9,851.6,17,17.3,86.5,260,254,0,0.6,192,1.7,1.7,17.3,15.7,13.1
2026-09-11T22:52:05Z,0,0,0,0,0,0,16.7,851.5,16.9,17.1,87.1,261,253,0,0.8,171,2.2,2.2,17.2,15.6,12.9
2026-09-11T23:07:14Z,0,0,0,0,0,0,16.8,851.4,16.9,17.2,87.1,260,253,0,1.2,110,3.3,3.3,17.2,15.7,13
2026-09-11T23:22:22Z,0,0,0,0,0,0,16.6,851.4,16.8,17,88.6,261,254,0,0.5,129,1.3,1.3,17.1,15.7,12.8
2026-09-11T23:37:30Z,0,0,0,0,0,0,16.5,851.2,16.6,16.9,89.6,260,254,0,0.6,126,1.7,1.7,17,15.7,12.8
2026-09-11T23:52:52Z,0,0,0,0,0,0,16.2,851.2,16.4,16.7,90.9,260,254,0,0.1,206,0.7,0.7,16.8,15.6,12.5
2026-09-12T00:00:57Z,0,0,0,0,0,0,16.2,851.2,16.3,16.7,91.9,261,253,0,0.3,187,1.1,1.1,16.7,15.7,12.5
2026-09-12T00:16:05Z,0,0,0,0,0,0,16,851,16.3,16.5,93.3,261,253,0,0,99,0.2,0.2,16.6,15.7,12.3
2026-09-12T00:31:13Z,0,0,0,0,0,0,16,851,16.2,16.5,93.7,260,254,0,0.1,99,0.7,0.7,16.6,15.7,12.3
2026-09-12T00:46:22Z,0,0,0,0,0,0,15.9,850.9,16.2,16.4,93.7,259,253,0,0.1,99,0.4,0.4,16.5,15.6,12.2
2026-09-12T01:01:30Z,0,0,0,0,0,0,15.9,850.9,16.2,16.4,93.7,262,252,0,0.4,99,0.7,0.7,16.5,15.6,12.2
2026-09-12T01:16:38Z,0,0,0,0,0,0,15.9,850.9,16.2,16.3,93.7,260,253,0,0.8,111,1.5,1.5,16.4,15.6,12.2
2026-09-12T01:32:01Z,0,0,0,0,0,0,15.9,851,16.1,16.3,93.5,261,252,0,0.2,102,0.7,0.7,16.3,15.5,12.1
2026-09-12T01:47:09Z,0,0,0,0,0,0,15.9,851.3,16.1,16.3,92.6,261,253,0,0.2,100,0.7,0.7,16.3,15.4,12.1
2026-09-12T02:02:18Z,0,0,0,0,0,0,15.9,851.4,16.1,16.2,92.2,260,253,0,0.1,97,0.4,0.4,16.3,15.3,12.1
2026-09-12T02:17:27Z,0,0,0,0,0,0,15.9,851.4,16.2,16.2,92,261,254,0,0.1,100,0.7,0.7,16.3,15.3,12.1
2026-09-12T02:32:36Z,0,0,0,0,0,0,16,851.4,16.2,16.3,91,260,254,0,0.1,173,0.4,0.4,16.4,15.3,12.2
2026-09-12T02:48:04Z,0,0,0,0,0,0,16,851.6,16.3,16.4,89.7,260,253,0,1,162,2,2,16.4,15.2,12.2
2026-09-12T03:03:12Z,0,0,0,0,0,0,16,851.7,16.3,16.4,89.7,260,253,0,1,141,2.8,2.8,16.4,15.2,12.2
2026-09-12T03:18:21Z,0,0,0,0,0,0,16,851.9,16.2,16.3,90,261,257,0,0.6,198,1.1,1.1,16.4,15.2,12.2
2026-09-12T03:33:29Z,0,0,0,0,0,0,15.9,852.1,16.2,16.3,90.2,263,275,0,0.5,179,1.7,1.7,16.3,15.1,12.1
2026-09-12T03:48:37Z,0,0,0,0.1,0,0,15.7,852.4,16.1,16.1,91,266,330,0,0.8,99,1.5,1.5,16.2,15.1,12
2026-09-12T04:03:45Z,0,0,0,0.1,0,0,15.8,852.7,16.1,16.2,90.5,277,445,0,0.7,152,2,2,16.2,15.1,12
2026-09-12T04:19:07Z,0,0,0,0.2,0,0,16,852.8,16.2,16.4,89.2,285,520,0,0.3,100,0.7,0.7,16.4,15.1,12.2
2026-09-12T04:34:16Z,0,0,0,0.2,0,0,16.1,853.1,16.3,16.5,88.6,292,585,0,0.7,155,1.5,1.5,16.5,15.1,12.2
2026-09-12T04:49:24Z,0,0,0,0.3,0,0,16.5,853.4,16.6,16.9,87.2,317,881,0,0.9,179,1.5,1.5,16.9,15.4,12.6
2026-09-12T05:04:32Z,0,0,0,0.3,0,0,16.6,853.6,16.7,17,86.8,322,930,0,0.4,164,0.9,0.9,17,15.4,12.8
2026-09-12T05:19:40Z,0,0,0,0.4,0,0,17,853.7,17.1,17.4,85.6,324,947,0,0,164,0,0,17.4,15.7,13.2
2026-09-12T05:34:48Z,0,0,0,0.3,0,0,17.2,853.8,17.3,17.7,84.1,323,942,0,0.8,164,1.5,1.5,17.7,15.8,13.4
2026-09-12T05:50:10Z,0,0,0,0.3,0,0,17.3,853.9,17.5,17.8,84.3,317,887,0,0.4,164,1.3,1.3,17.8,15.9,13.5
2026-09-12T06:05:19Z,0,0,0,0.6,0,0,17.3,854.1,17.5,17.8,83.7,359,1327,0,0.3,94,0.7,0.7,17.8,15.8,13.5
2026-09-12T06:20:28Z,0,0,0,0.8,0,0,17.8,854.2,18.1,18.2,81.4,402,1823,0,0.2,99,0.7,0.7,18.2,16,13.9
2026-09-12T06:35:36Z,0,0,0,1,0,0,18.4,854.1,18.4,18.9,79.7,446,2293,0,0.2,99,0.7,0.7,18.9,16.4,14.5
2026-09-12T06:51:05Z,0,0,0,0.9,0,0,18.7,854,19,19.3,77.1,416,1987,0,0.5,99,1,1,19.3,16.5,14.9
2026-09-12T07:06:13Z,0,0,0,0.9,0,0,20,853.9,19.9,20.3,73.9,424,2062,0,0.2,98,0.8,0.8,20.3,17.1,15.8
2026-09-12T07:21:22Z,0,0,0,0.9,0,0,19.6,853.8,19.6,20.2,73.2,427,2100,0,0.3,82,0.7,0.7,20.2,16.9,15.8
2026-09-12T07:36:30Z,0,0,0,1.2,0,0,19.8,853.6,20.1,20.4,72.1,473,2585,0,0.7,172,1.1,1.1,20.4,16.9,15.9
2026-09-12T07:51:38Z,0,0,0,1.5,0,0,21.2,853.5,21.4,21.7,68.4,543,3349,0,0.1,108,0.4,0.4,21.7,17.6,17.1
2026-09-12T08:06:47Z,0,0,0,1.3,0,0,20.6,853.3,20.7,21.3,68.8,500,2893,0,0.2,65,0.7,0.7,21.2,17.3,16.7
2026-09-12T08:22:09Z,0,0,0,1.6,0,0,21.1,853.2,21.6,21.8,65.7,562,3563,0,0.5,166,1.1,1.1,21.8,17.4,17.1
2026-09-12T08:37:18Z,0,0,0,1.9,0,0,21.7,853.1,21.9,22.4,63.7,604,4009,0,0.2,166,0.7,0.7,22.4,17.7,17.6
2026-09-12T08:52:26Z,0,0,0,1.9,0,0,23.1,852.8,23.2,23.9,59,604,4018,0,0.3,94,0.9,0.9,23.8,18.3,18.8
2026-09-12T09:08:18Z,0,0,0,1.8,0,0,23,852.4,23.2,23.7,57.2,599,3977,0,0.5,54,0.9,0.9,23.6,17.9,18.7
2026-09-12T09:23:18Z,0,0,0,2,0,0,24,852.2,23.4,23.7,57,636,4350,0,0.1,16,0.7,0.7,23.6,17.9,18.7
2026-09-12T09:38:27Z,0,0,0,1.8,0,0,24,852,23.6,24.3,54.9,591,3870,0,0.8,89,1.5,1.5,24.2,18.1,19.2
2026-09-12T09:53:35Z,0,0,0,1.9,0,0,25.1,851.7,25,25.4,50.3,610,4063,0,0.4,18,1.3,1.3,25.4,18.4,20.1
2026-09-12T10:08:44Z,0,0,0,0.9,0,0,23.6,851.5,23.6,23.6,55.5,422,1993,0,0.7,18,1.1,1.1,23.5,17.6,18.6
2026-09-12T10:23:53Z,0,0,0,0.7,0,0,23.3,851.3,23.4,23.3,56.4,381,1540,0,0,18,0.4,0.4,23.2,17.4,18.3
2026-09-12T10:39:15Z,0,0,0,0.6,0,0,22.6,850.9,23.1,23.2,56.4,372,1469,0,0.6,181,0.9,0.9,23.2,17.4,18.3
2026-09-12T10:54:23Z,0,0,0,0.9,0,0,23.2,850.7,23.4,23.7,56.6,428,2068,0,0.1,77,0.4,0.4,23.7,17.9,18.7
2026-09-12T11:10:18Z,0,0,0,0.9,0,0,22.9,850.4,22.9,23.6,56.2,423,2045,0,0.1,101,0.4,0.4,23.5,17.7,18.6
2026-09-12T11:25:26Z,0,0,0,1.1,0,0,23,850.3,23.4,23.4,57.4,462,2483,0,0.2,103,0.7,0.7,23.4,17.7,18.5
2026-09-12T11:40:35Z,0,0,0,1.4,0,0,22.9,850.1,23.2,23.5,57.2,524,3110,0,0.3,190,0.7,0.7,23.4,17.7,18.5
2026-09-12T11:55:43Z,0,0,0,2.9,0,0,23.3,849.9,23.9,23.9,57.8,795,6270,0,0.6,171,1.3,1.3,23.9,18.2,18.9
2026-09-12T12:10:53Z,0,0,0,2,0,0,24.9,849.8,25.2,25.6,51.3,636,4420,0,1.7,167,3.3,3.3,25.6,18.7,20.2
2026-09-12T12:26:21Z,0,0,0,2.7,0,0,23.7,849.5,24.1,24.3,55,757,5955,0,1.1,166,3.3,3.3,24.3,18.1,19.2
2026-09-12T12:41:24Z,0,0,0,1.4,0,0,24.7,849.5,25,25.4,51.2,520,3046,0,0.6,119,1.3,1.3,25.4,18.5,20
2026-09-12T12:56:48Z,0,0,0,1.1,0,0,23.2,849.4,23.5,23.7,54.8,462,2462,0,0.4,176,1.5,1.5,23.7,17.6,18.7
2026-09-12T13:11:57Z,0,0,0,1,0,0,23.9,849.2,24.2,24.5,55,439,2226,0,1,179,3.3,3.3,24.5,18.4,19.4
2026-09-12T13:27:06Z,0,0,0,0.6,0,0,22.9,849.2,23.2,23.5,58.1,365,1414,0,0.7,217,1.5,1.5,23.5,17.9,18.5
2026-09-12T13:42:08Z,0,0,0,0.7,0,0,22.6,849.3,22.8,23.2,59.4,381,1608,0,0.9,108,2.6,2.6,23.1,17.8,18.3
2026-09-12T13:57:58Z,0,0,0,0.5,0,0,22.2,849.2,22.4,22.7,60.8,347,1169,0,0.3,111,1.1,1.1,22.6,17.5,17.8
2026-09-12T14:13:07Z,0,0,0,0.5,0,0,22.3,849.2,22.6,22.8,60.5,353,1285,0,0.6,169,1.1,1.1,22.7,17.6,17.9
2026-09-12T14:28:15Z,0,0,0,0.4,0,0,22,849.2,22.2,22.5,60.9,330,1057,0,1.2,132,2.6,2.6,22.5,17.4,17.7
2026-09-12T14:43:24Z,0,0,0,0.2,0,0,21.9,849.3,22.1,22.4,61.1,302,738,0,0.9,109,2.4,2.4,22.3,17.3,17.6
2026-09-12T14:58:54Z,0,0,0,0.1,0,0,21.8,849.4,22,22.2,61.1,275,414,0,0,105,0.2,0.2,22.2,17.2,17.4
2026-09-12T15:14:03Z,0,0,0,0,0,0,21.6,849.7,21.8,22,60.7,265,292,0,0.2,85,1.3,1.3,21.9,16.9,17.3
2026-09-12T15:30:00Z,0,0,0,0,0,0,21.5,849.8,21.7,21.9,61.4,261,256,0,0.1,45,0.8,0.8,21.8,16.9,17.1
2026-09-12T15:45:09Z,0,0,0,0,0,0,21.4,849.9,21.6,21.8,61.5,260,253,0,0.6,134,1.5,1.5,21.7,16.8,17
2026-09-12T16:01:06Z,0,0,0,0,0,0,21.2,850,21.4,21.6,61.7,259,254,0,0.5,111,1.1,1.1,21.5,16.7,16.9
2026-09-12T16:16:15Z,0,0,0,0,0,0,21.1,850.2,21.2,21.4,62.8,260,254,0,0.1,112,0.7,0.7,21.3,16.6,16.7
2026-09-12T16:31:25Z,0,0,0,0,0,0,20.9,850.3,21.1,21.3,64.1,259,252,0,0.1,107,0.4,0.4,21.2,16.7,16.6
2026-09-12T16:46:34Z,0,0,0,0,0,0,20.7,850.7,20.9,21.1,64.6,260,254,0,0.2,103,0.7,0.7,21,16.6,16.4
2026-09-12T17:02:01Z,0,0,0,0,0,0,20.5,850.8,20.8,20.9,64.8,260,253,0,0.5,162,1.7,1.7,20.9,16.5,16.3
2026-09-12T17:17:11Z,0,0,0,0,0,0,20.4,850.8,20.6,20.8,65.2,262,253,0,0.3,109,0.9,0.9,20.7,16.4,16.2
2026-09-12T17:32:20Z,0,0,0,0,0,0,20.4,850.9,20.6,20.8,65.5,261,253,0,0.1,102,0.5,0.5,20.7,16.4,16.2
2026-09-12T17:47:30Z,0,0,0,0,0,0,20.3,851.1,20.4,20.7,65.9,259,253,0,0.5,111,2,2,20.6,16.4,16.1
2026-09-12T18:02:40Z,0,0,0,0,0,0,20.3,851.2,20.4,20.6,66.5,260,253,0,0.8,109,2.4,2.4,20.6,16.4,16.1
2026-09-12T18:18:05Z,0,0,0,0,0,0,20.1,851.3,20.2,20.5,67.6,259,253,0,0.9,85,1.5,1.5,20.4,16.4,15.9
2026-09-12T18:33:22Z,0,0,0,0,0,0,20,851.5,20.1,20.3,68.3,262,254,0,0.1,102,0.7,0.7,20.3,16.4,15.8
2026-09-12T18:48:31Z,0,0,0,0,0,0,19.8,851.6,19.9,20.2,69.2,261,252,0,0.1,98,0.4,0.4,20.2,16.4,15.7
2026-09-12T19:04:14Z,0,0,0,0,0,0,19.6,851.7,19.8,20,70.9,261,254,0,0.4,104,1.5,1.5,19.9,16.4,15.5
2026-09-12T19:19:23Z,0,0,0,0,0,0,19.5,852,19.6,19.9,71.8,260,254,0,0.2,100,0.7,0.7,19.8,16.4,15.4
2026-09-12T19:34:33Z,0,0,0,0,0,0,19.4,852.1,19.6,19.8,72.8,261,253,0,0.1,104,0.4,0.4,19.7,16.4,15.3
2026-09-12T19:49:59Z,0,0,0,0,0,0,19.2,852.2,19.3,19.6,73.9,261,253,0,0.4,186,0.9,0.9,19.6,16.4,15.2
2026-09-12T20:05:09Z,0,0,0,0,0,0,19.1,852.2,19.2,19.5,75,260,253,0,0.2,141,0.9,0.9,19.5,16.4,15.1
2026-09-12T20:20:18Z,0,0,0,0,0,0,19,852.1,19.1,19.4,75.6,262,253,0,0.7,10,1.5,1.5,19.4,16.4,15
2026-09-12T20:35:28Z,0,0,0,0,0,0,18.7,852,18.9,19.1,77,261,253,0,0.6,10,1.3,1.3,19.1,16.3,14.8
2026-09-12T20:50:37Z,0,0,0,0,0,0,18.7,851.9,18.8,19.1,76.3,261,253,0,0,11,0,0,19.1,16.2,14.7
2026-09-12T21:06:02Z,0,0,0,0,0,0,18.5,851.7,18.6,18.9,77.3,261,254,0,0.3,10,1.1,1.1,18.9,16.2,14.6
2026-09-12T21:21:11Z,0,0,0,0,0,0,18.4,851.6,18.6,18.8,78,260,254,0,0.6,103,1.1,1.1,18.8,16.1,14.5
2026-09-12T21:36:20Z,0,0,0,0,0,0,18.3,851.4,18.5,18.7,78.9,260,254,0,0.3,103,1.1,1.1,18.7,16.2,14.4
2026-09-12T21:51:29Z,0,0,0,0,0,0,18.1,851.3,18.2,18.6,80,260,254,0,0.6,75,0.9,0.9,18.6,16.1,14.2
2026-09-12T22:06:37Z,0,0,0,0,0,0,18,851.1,18.1,18.5,81.7,262,254,0,1.4,77,2.2,2.2,18.5,16.2,14.2
2026-09-12T22:22:05Z,0,0,0,0,0,0,17.9,850.9,18,18.3,82.8,260,254,0,0.5,109,1.5,1.5,18.3,16.2,14
2026-09-12T22:37:13Z,0,0,0,0,0,0,17.6,850.7,17.8,18,83.7,260,253,0,0.2,179,0.7,0.7,18,16,13.7
2026-09-12T22:52:23Z,0,0,0,0,0,0,17.4,850.6,17.6,17.9,83.9,261,254,0,0.6,103,1.5,1.5,17.9,15.9,13.6
2026-09-12T23:07:32Z,0,0,0,0,0,0,17.4,850.6,17.5,17.8,83.7,262,254,0,0.5,103,1.1,1.1,17.8,15.8,13.5
2026-09-12T23:22:41Z,0,0,0,0,0,0,17.3,850.3,17.4,17.7,83.7,261,252,0,0.8,115,2,2,17.7,15.8,13.5
2026-09-12T23:38:09Z,0,0,0,0,0,0,17.3,850.2,17.4,17.7,83.8,261,253,0,0.3,105,0.9,0.9,17.7,15.8,13.4
2026-09-12T23:53:19Z,0,0,0,0,0,0,17.3,850.2,17.4,17.7,83.9,260,253,0,0.2,106,0.7,0.7,17.7,15.8,13.4
2026-09-13T00:00:22Z,0,0,0,0,0,0,17.2,850.1,17.4,17.6,83.9,261,254,0,0,106,0.2,0.2,17.6,15.7,13.4
2026-09-13T00:15:32Z,0,0,0,0,0,0,17.2,850,17.3,17.6,84.4,259,253,0,0,106,0.2,0.2,17.6,15.7,13.3
2026-09-13T00:30:41Z,0,0,0,0,0,0,17,849.9,17.2,17.4,85,259,254,0,0,106,0.2,0.2,17.4,15.6,13.2
2026-09-13T00:45:51Z,0,0,0,0,0,0,16.8,850,16.9,17.3,86.1,261,254,0,0.3,106,0.9,0.9,17.3,15.6,13
2026-09-13T01:01:23Z,0,0,0,0,0,0,16.9,850,17,17.3,86.3,261,252,0,0.8,106,1.7,1.7,17.3,15.7,13.1
2026-09-13T01:16:32Z,0,0,0,0,0,0,17,850,17.1,17.4,86,261,254,0,0,106,0,0,17.4,15.8,13.2
2026-09-13T01:31:42Z,0,0,0,0,0,0,17,850.2,17.1,17.4,86.2,258,254,0,0,104,0,0,17.4,15.7,13.1
2026-09-13T01:46:51Z,0,0,0,0,0,0,16.9,850.2,17,17.3,86.7,261,254,0,0.3,104,0.7,0.7,17.3,15.7,13.1
2026-09-13T02:02:18Z,0,0,0,0,0,0,16.9,850.5,17.1,17.3,87.1,261,253,0,0,104,0,0,17.3,15.8,13.1
2026-09-13T02:17:27Z,0,0,0,0,0,0,16.9,850.6,17,17.2,87.4,261,254,0,0,104,0,0,17.3,15.7,13
2026-09-13T02:32:37Z,0,0,0,0,0,0,16.8,850.9,16.9,17.2,87.9,260,253,0,0,104,0,0,17.3,15.8,13
2026-09-13T02:47:45Z,0,0,0,0,0,0,16.8,850.9,17,17.2,88.4,260,254,0,0,104,0,0,17.3,15.8,13
2026-09-13T03:02:54Z,0,0,0,0,0,0,16.8,851,16.9,17.2,88.9,261,254,0,0.2,104,0.7,0.7,17.3,15.9,13
2026-09-13T03:18:21Z,0,0,0,0,0,0,16.7,851.3,16.8,17.1,89.3,261,258,0,0,104,0.2,0.2,17.1,15.8,12.9
2026-09-13T03:33:30Z,0,0,0,0,0,0,16.6,851.5,16.8,17,89.7,265,298,0,0,104,0,0,17.1,15.8,12.8
2026-09-13T03:48:40Z,0,0,0,0.1,0,0,16.6,851.6,16.7,17,89.9,273,372,0,0,104,0.2,0.2,17,15.8,12.8
2026-09-13T04:03:50Z,0,0,0,0.1,0,0,16.6,851.9,16.7,16.9,88.9,270,328,0,0,104,0,0,17,15.6,12.7
2026-09-13T04:19:18Z,0,0,0,0.2,0,0,16.6,852.1,16.8,17,88.2,291,576,0,0,104,0,0,17.1,15.6,12.8
2026-09-13T04:34:27Z,0,0,0,0.2,0,0,16.9,852.3,17,17.3,86.7,303,725,0,1.2,104,1.6,1.6,17.3,15.7,13.1
2026-09-13T04:49:36Z,0,0,0,0.3,0,0,17.1,852.5,17.3,17.5,86.3,323,946,0,0.1,104,0.5,0.5,17.6,15.9,13.3
2026-09-13T05:04:45Z,0,0,0,0.4,0,0,17.4,852.6,17.6,17.9,84.6,338,1105,0,0,104,0.4,0.4,17.9,16,13.6
2026-09-13T05:19:53Z,0,0,0,0.6,0,0,17.5,852.7,17.7,18,83.8,360,1367,0,0.8,104,1.6,1.6,18,16,13.7
2026-09-13T05:35:21Z,0,0,0,0.6,0,0,18.2,852.9,18.4,18.7,81.7,374,1525,0,0,104,0,0,18.7,16.5,14.4
2026-09-13T05:50:30Z,0,0,0,0.6,0,0,18.2,853.1,18.4,18.7,80.6,378,1549,0,0,96,0.2,0.2,18.7,16.3,14.4
2026-09-13T06:05:39Z,0,0,0,0.7,0,0,18.7,853.2,18.9,19.2,78.2,392,1720,0,0.7,104,1.3,1.3,19.2,16.6,14.9
2026-09-13T06:20:48Z,0,0,0,0.9,0,0,18.7,853.3,19.1,19.3,77.1,419,2010,0,0.4,193,1.3,1.3,19.3,16.5,14.9
2026-09-13T06:35:57Z,0,0,0,0.6,0,0,18.9,853.3,19.3,19.4,76.7,373,1396,0,0.7,181,1.7,1.7,19.4,16.5,15
2026-09-13T06:51:23Z,0,0,0,2.7,0,0,20.7,853.2,21,20.8,73.4,761,5786,0,0.1,104,0.9,0.9,20.9,17.5,16.3
2026-09-13T07:06:32Z,0,0,0,3.2,0,0,22.7,853.2,22.9,22.8,65,850,6800,0,1.3,96,2.4,2.4,22.8,18.2,18
2026-09-13T07:21:40Z,0,0,0,3.4,0,0,23.1,853.1,23.4,23.5,62.6,888,7182,0,0.7,20,1.3,1.3,23.5,18.5,18.6
2026-09-13T07:36:49Z,0,0,0,3.7,0,0,23.8,852.9,23.9,24.3,59.9,943,7821,0,0.3,65,1.3,1.3,24.4,18.9,19.3
2026-09-13T07:52:01Z,0,0,0,4.1,0,0,23.1,852.7,23.8,24,60.3,1017,8810,0,0.1,141,1.1,1.1,24,18.6,19
2026-09-13T08:07:26Z,0,0,0,0.7,0,0,22.1,852.7,22.1,21.9,65.4,394,1762,0,0.5,321,1.3,1.3,21.9,17.4,17.2
2026-09-13T08:22:34Z,0,0,0,0.9,0,0,21.7,852.7,21.8,21.6,66.3,431,2147,0,1,271,1.3,1.3,21.6,17.3,17
2026-09-13T08:37:43Z,0,0,0,1.5,0,0,23.4,852.5,23.2,23.4,60.3,534,3231,0,0.3,330,0.9,0.9,23.4,18.1,18.5
2026-09-13T08:52:52Z,0,0,0,1.4,0,0,23.4,852.2,23.4,23.4,60.7,522,3129,0,0,19,0.2,0.2,23.4,18.2,18.5
2026-09-13T09:08:36Z,0,0,0,1.8,0,0,23.9,852.1,24.3,23.6,58.8,591,3818,0,1.9,263,3.3,3.3,23.6,18.1,18.6
2026-09-13T09:23:44Z,0,0,0,1.9,0,0,24.4,851.9,24.4,24.6,57.1,618,4166,0,0.1,201,0.4,0.4,24.6,18.7,19.4
2026-09-13T09:38:53Z,0,0,0,1.7,0,0,24.7,851.7,24.7,25.4,54,582,3747,0,0.5,96,1.1,1.1,25.4,19,20.1
2026-09-13T09:54:02Z,0,0,0,3.1,0,0,24.6,851.4,25.2,25.3,54.3,828,6418,0,0.3,186,0.9,0.9,25.3,18.9,20
2026-09-13T10:09:11Z,0,0,0,2.6,0,0,24.8,851,24.8,25.7,52.8,744,5392,0,1.5,98,2.4,2.4,25.7,19.1,20.3
2026-09-13T10:24:32Z,0,0,0,1.4,0,0,26.2,850.8,26.2,27,50,515,2924,0,0.6,94,1.1,1.1,27.4,19.7,21.6
2026-09-13T10:39:42Z,0,0,0,1.8,0,0,25.4,850.5,25.6,26,52.4,598,3879,0,0.9,81,2,2,26,19.2,20.5
2026-09-13T10:54:51Z,0,0,0,1.3,0,0,25.6,850.2,26.1,26.3,51.5,497,2844,0,0.2,148,0.9,0.9,26.3,19.3,20.8
2026-09-13T11:10:00Z,0,0,0,1.6,0,0,26,850,26.2,26.8,50.7,552,3421,0,0.6,73,1.8,1.8,27.3,19.7,21.5
2026-09-13T11:25:09Z,0,0,0,1.3,0,0,25.6,849.8,26,26.6,50,495,2774,0,0.8,119,1.5,1.5,26.6,19.3,21
2026-09-13T11:40:16Z,0,0,0,1,0,0,25.2,849.6,25.2,25.8,52,439,2196,0,1.1,85,2,2,25.8,19,20.4
2026-09-13T11:56:02Z,0,0,0,0.8,0,0,25.2,849.4,25.3,25.8,52,411,1837,0,0.9,86,1.7,1.7,25.8,19,20.4
2026-09-13T12:11:10Z,0,0,0,2.5,0,0,26.1,849.2,26.3,26.8,49.8,717,5342,0,2,70,3.9,3.9,27.2,19.5,21.4
2026-09-13T12:26:19Z,0,0,0,1.2,0,0,25.4,849.2,25.7,26.1,50.8,478,2520,0,0.9,158,2.8,2.8,26.1,19,20.6
2026-09-13T12:41:42Z,0,0,0,0.6,0,0,25.9,849.2,26,26.7,49,377,1458,0,0.4,94,1.3,1.3,27.1,19.3,21.4
2026-09-13T12:56:51Z,0,0,0,2,0,0,26.8,848.9,27.1,27.7,46.7,630,4414,0,0.5,88,2,2,27.9,19.7,21.9
2026-09-13T13:11:59Z,0,0,0,0.5,0,0,25.5,848.9,25.8,26.3,49,352,1176,0,0.2,93,1.3,1.3,26.3,18.9,20.7
2026-09-13T13:27:08Z,0,0,0,1.5,0,0,26.2,848.9,26.3,27.1,47.6,536,3420,0,2.1,78,3.5,3.5,27.3,19.4,21.5
2026-09-13T13:42:16Z,0,0,0,1.1,0,0,25.5,848.9,25.8,26.3,48.9,463,2632,0,0.2,110,0.9,0.9,26.3,18.9,20.8
2026-09-13T13:57:25Z,0,0,0,1,0,0,25.4,848.8,25.6,26.2,49.6,436,2340,0,1.4,105,3.7,3.7,26.2,19,20.7
2026-09-13T14:12:51Z,0,0,0,0.3,0,0,24.3,848.9,24.4,24.9,52.2,311,712,0,1.3,93,2.6,2.6,24.8,18.2,19.6
2026-09-13T14:27:59Z,0,0,0,0.4,0,0,24.7,849.1,24.8,25,51.9,331,1037,0,0.2,57,1.2,1.2,24.9,18.3,19.7
2026-09-13T14:43:07Z,0,0,0,0.2,0,0,24.6,849.2,24.8,25,51.4,294,648,0,0.5,143,1.4,1.4,24.9,18.2,19.7
2026-09-13T14:58:17Z,0,0,0,0.1,0,0,24,849.4,24.1,24.3,53,277,432,0,0.4,78,1.3,1.3,24.3,17.9,19.2
2026-09-13T15:13:25Z,0,0,0,0.1,0,0,23.5,849.7,23.7,23.9,53.8,271,337,0,0.5,118,1.3,1.3,23.9,17.6,18.8
2026-09-13T15:28:54Z,0,0,0,0,0,0,22.9,849.7,23.1,23.3,55.4,262,268,0,0.6,126,1.1,1.1,23.2,17.3,18.3
2026-09-13T15:44:02Z,0,0,0,0,0,0,22.6,849.9,22.7,22.9,56.5,260,254,0,0.7,174,1.5,1.5,22.8,17.1,18
2026-09-13T15:59:10Z,0,0,0,0,0,0,22.3,850.1,22.4,22.6,57.2,260,253,0,0.3,206,1.2,1.2,22.5,17,17.7
2026-09-13T16:14:18Z,0,0,0,0,0,0,21.8,850.3,22,22.2,58.2,260,254,0,0.5,176,1.7,1.7,22.1,16.8,17.4
2026-09-13T16:29:27Z,0,0,0,0,0,0,21.6,850.5,21.8,22,58.8,260,253,0,0.3,83,1.1,1.1,21.8,16.6,17.2
2026-09-13T16:44:54Z,0,0,0,0,0,0,21.4,850.5,21.5,21.7,59.2,259,253,0,0.9,178,2.2,2.2,21.6,16.5,17
2026-09-13T17:00:02Z,0,0,0,0,0,0,21.2,850.7,21.4,21.5,59.5,261,253,0,0.3,163,1.7,1.7,21.4,16.3,16.8
2026-09-13T17:15:10Z,0,0,0,0,0,0,20.9,850.8,21.1,21.3,60.2,260,254,0,0.9,137,2,2,21.2,16.2,16.6
2026-09-13T17:30:19Z,0,0,0,0,0,0,20.8,851,20.9,21.1,61.1,259,253,0,0.6,167,1.7,1.7,21,16.2,16.5
2026-09-13T17:45:28Z,0,0,0,0,0,0,20.6,851.4,20.8,21,61.7,260,252,0,0.1,112,0.2,0.2,20.9,16.1,16.3
2026-09-13T18:00:37Z,0,0,0,0,0,0,20.4,851.6,20.5,20.8,62.8,262,253,0,0.3,198,1.1,1.1,20.6,16,16.1
2026-09-13T18:15:59Z,0,0,0,0,0,0,20,851.7,20.2,20.4,64,261,253,0,0,198,0.2,0.2,20.3,15.9,15.8
2026-09-13T18:31:07Z,0,0,0,0,0,0,19.8,852,19.9,20.1,64.8,260,254,0,0,131,0,0,20,15.8,15.6
2026-09-13T18:46:16Z,0,0,0,0,0,0,19.6,852.2,19.8,20,65.5,260,254,0,0.1,87,0.4,0.4,19.9,15.7,15.4
2026-09-13T19:01:24Z,0,0,0,0,0,0,19.5,852.4,19.7,19.9,65.9,259,253,0,0.3,86,0.9,0.9,19.8,15.7,15.4
2026-09-13T19:16:32Z,0,0,0,0,0,0,19.5,852.6,19.6,19.8,66.3,260,253,0,1.1,102,2.8,2.8,19.7,15.6,15.3
2026-09-13T19:31:55Z,0,0,0,0,0,0,19.2,852.6,19.4,19.6,67.3,260,254,0,0.8,154,1.5,1.5,19.5,15.5,15.1
2026-09-13T19:47:04Z,0,0,0,0,0,0,18.8,852.6,19,19.3,68.2,259,254,0,0.1,193,0.4,0.4,19.2,15.4,14.8
2026-09-13T20:02:12Z,0,0,0,0,0,0,18.8,852.8,19,19.3,68.5,261,254,0,0.1,77,0.5,0.5,19.1,15.4,14.8
2026-09-13T20:17:20Z,0,0,0,0,0,0,18.8,852.7,18.9,19.2,68.7,261,253,0,0.2,165,0.6,0.6,19.1,15.3,14.7
2026-09-13T20:32:28Z,0,0,0,0,0,0,18.7,852.8,18.8,19.1,69.5,260,253,0,0.2,172,0.8,0.8,19,15.4,14.6
2026-09-13T20:47:37Z,0,0,0,0,0,0,18.6,852.7,18.8,19,70.2,261,254,0,0.4,91,0.7,0.7,18.9,15.3,14.5
2026-09-13T21:02:58Z,0,0,0,0,0,0,18.4,852.6,18.6,18.8,71.2,261,254,0,0.6,152,1.5,1.5,18.7,15.3,14.4
2026-09-13T21:18:07Z,0,0,0,0,0,0,18.2,852.5,18.4,18.6,72.5,260,255,0,0.6,113,1.5,1.5,18.5,15.3,14.2
2026-09-13T21:33:15Z,0,0,0,0,0,0,18,852.4,18.2,18.4,73.9,260,254,0,0.3,121,0.9,0.9,18.3,15.3,14
2026-09-13T21:48:24Z,0,0,0,0,0,0,17.8,852.2,18,18.3,74.7,261,253,0,0.6,193,1.3,1.3,18.2,15.2,13.9
2026-09-13T22:03:32Z,0,0,0,0,0,0,17.7,851.9,17.8,18.1,75.5,261,253,0,0.2,133,1.1,1.1,18,15.1,13.7
2026-09-13T22:18:40Z,0,0,0,0,0,0,17.5,851.8,17.6,17.9,76.5,260,253,0,0.3,181,1.1,1.1,17.8,15.1,13.5
2026-09-13T22:34:02Z,0,0,0,0,0,0,17.6,851.8,17.7,17.9,76.3,259,254,0,0.7,139,1.7,1.7,17.8,15.1,13.6
2026-09-13T22:49:11Z,0,0,0,0,0,0,17.5,851.6,17.8,17.9,76.3,260,253,0,0.1,99,0.4,0.4,17.9,15.1,13.6
2026-09-13T23:04:19Z,0,0,0,0,0,0,17.3,851.4,17.5,17.7,77.2,260,253,0,0,95,0,0,17.7,15,13.4
2026-09-13T23:19:28Z,0,0,0,0,0,0,17.1,851.4,17.3,17.5,78.7,261,254,0,0.7,95,1.1,1.1,17.5,15,13.2
2026-09-13T23:34:36Z,0,0,0,0,0,0,17,851.3,17.2,17.5,79.7,260,253,0,0,95,0.2,0.2,17.4,15,13.1
2026-09-13T23:49:45Z,0,0,0,0,0,0,17,851.5,17.2,17.4,79.9,261,252,0,0,179,0,0,17.4,15.1,13.1
2026-09-14T00:00:50Z,0,0,0,0,0,0,17,851.4,17.2,17.4,80.2,260,253,0,0,179,0.2,0.2,17.3,15,13.1
2026-09-14T00:16:12Z,0,0,0,0,0,0,16.9,851.5,17.1,17.4,80.2,261,254,0,0.2,117,0.9,0.9,17.3,15,13.1
2026-09-14T00:31:21Z,0,0,0,0,0,0,16.9,851.5,17,17.3,81.6,261,253,0,0.2,102,1.1,1.1,17.2,15.1,13
2026-09-14T00:46:29Z,0,0,0,0,0,0,16.8,851.5,16.9,17.2,82.3,260,254,0,0.6,101,1.3,1.3,17.1,15.1,12.9
2026-09-14T01:01:37Z,0,0,0,0,0,0,16.7,851.5,16.8,17.1,83.1,260,254,0,0.3,96,0.7,0.7,17,15.1,12.8
2026-09-14T01:16:45Z,0,0,0,0,0,0,16.7,851.6,16.8,17,83.5,260,254,0,0.1,96,0.4,0.4,17,15.1,12.8
2026-09-14T01:32:07Z,0,0,0,0,0,0,16.6,851.6,16.7,17,83.8,260,254,0,0,96,0.4,0.4,17,15.1,12.8
2026-09-14T01:48:10Z,0,0,0,0,0,0,16.6,851.6,16.7,17,84,260,253,0,0,95,0,0,16.9,15.1,12.7
2026-09-14T02:03:17Z,0,0,0,0,0,0,16.6,851.7,16.6,17,84.3,261,253,0,0.2,95,0.4,0.4,17,15.1,12.7
2026-09-14T02:18:25Z,0,0,0,0,0,0,16.6,851.8,16.7,17,84.4,260,253,0,0,79,0,0,16.9,15.1,12.7
2026-09-14T02:33:32Z,0,0,0,0,0,0,16.6,851.8,16.8,17,84.4,259,253,0,0,79,0.2,0.2,17,15.2,12.8
2026-09-14T02:48:39Z,0,0,0,0,0,0,16.5,851.9,16.7,16.9,84.7,259,254,0,0,88,0,0,16.9,15.1,12.7
2026-09-14T03:03:47Z,0,0,0,0,0,0,16.5,851.8,16.6,16.9,85.1,259,253,0,0.2,87,0.7,0.7,16.9,15.1,12.6
2026-09-14T03:19:11Z,0,0,0,0,0,0,16.5,851.9,16.6,16.9,85.3,262,259,0,0.8,84,1.2,1.2,16.9,15.1,12.6
2026-09-14T03:34:18Z,0,0,0,0,0,0,16.4,852.1,16.5,16.8,85.8,263,281,0,0.6,80,1.1,1.1,16.8,15.1,12.6
2026-09-14T03:49:26Z,0,0,0,0.1,0,0,16.3,852.4,16.4,16.8,86.3,269,339,0,0.5,88,0.9,0.9,16.8,15.1,12.5
2026-09-14T04:04:34Z,0,0,0,0.1,0,0,16.4,852.6,16.5,16.8,86.5,274,405,0,0.6,80,0.9,0.9,16.8,15.2,12.6
2026-09-14T04:19:41Z,0,0,0,0.2,0,0,16.5,852.8,16.6,16.9,86.1,288,568,0,0.4,84,1,1,16.9,15.3,12.7
2026-09-14T04:34:49Z,0,0,0,0.3,0,0,16.7,852.9,16.8,17.1,85.7,308,781,0,1,88,1.6,1.6,17.1,15.4,12.9
2026-09-14T04:50:15Z,0,0,0,0.4,0,0,16.9,853.1,17,17.3,85.4,333,1052,0,0.3,78,0.9,0.9,17.3,15.6,13.1
2026-09-14T05:05:23Z,0,0,0,0.5,0,0,17.4,853.3,17.5,17.8,83.3,355,1305,0,0.9,80,2,2,17.8,15.8,13.5
2026-09-14T05:20:31Z,0,0,0,0.6,0,0,17.8,853.5,17.9,18.3,81.5,363,1397,0,0.6,87,1.3,1.3,18.3,16,14
2026-09-14T05:35:39Z,0,0,0,0.6,0,0,18.5,853.7,18.6,18.9,79.2,375,1514,0,0.3,79,0.7,0.7,18.9,16.3,14.5
2026-09-14T05:50:47Z,0,0,0,1,0,0,18.4,853.8,18.4,19,77.7,446,2320,0,0.6,91,1.1,1.1,19,16.3,14.6
2026-09-14T06:05:56Z,0,0,0,1.2,0,0,20,853.8,20.1,20.3,73.4,483,2722,0,0.3,111,0.7,0.7,20.3,17,15.8
2026-09-14T06:21:19Z,0,0,0,1.4,0,0,21.6,853.9,21.2,21.6,68.2,511,3051,0,0.8,80,1.1,1.1,21.6,17.5,16.9
2026-09-14T06:36:27Z,0,0,0,1.6,0,0,21.6,853.9,22,22.1,65.2,550,3465,0,0.4,112,1.3,1.3,22.1,17.6,17.4
2026-09-14T06:51:35Z,0,0,0,1.5,0,0,22,854,21.9,22.3,63,530,3227,0,0.1,23,0.4,0.4,22.3,17.5,17.6
2026-09-14T07:06:41Z,0,0,0,1.2,0,0,22.2,854.1,22.1,22.4,63.2,477,2644,0,0,84,0,0,22.4,17.6,17.6
2026-09-14T07:22:28Z,0,0,0,1,0,0,22.2,854.1,22.4,22.6,62,442,2273,0,0.2,20,0.9,0.9,22.5,17.6,17.8
2026-09-14T07:37:36Z,0,0,0,1,0,0,22.4,854,22.6,22.9,59.7,452,2403,0,0,196,0.2,0.2,22.8,17.5,18
2026-09-14T07:52:44Z,0,0,0,1.4,0,0,21.9,853.7,22.4,22.3,60.9,508,3032,0,0.1,196,0.4,0.4,22.2,17.2,17.5
2026-09-14T08:07:53Z,0,0,0,1.5,0,0,22.4,853.6,22.1,22.2,62.3,528,3218,0,0,359,0.2,0.2,22.1,17.3,17.4
2026-09-14T08:23:32Z,0,0,0,1.4,0,0,22.6,853.6,22.6,22.4,59.6,523,3142,0,0.2,260,0.7,0.7,22.3,17.1,17.6
2026-09-14T08:38:40Z,0,0,0,3.7,0,0,23.7,853.1,24,23.9,55.9,953,8108,0,0.2,202,0.7,0.7,23.8,17.9,18.8
2026-09-14T08:53:49Z,0,0,0,1.1,0,0,24.8,853,25.1,25.3,50.1,469,2403,0,1.2,201,2,2,25.3,18.3,20
2026-09-14T09:09:29Z,0,0,0,4.5,0,0,23.7,852.9,24.2,23.9,54.5,1098,9837,0,0.4,204,0.9,0.9,23.8,17.7,18.8
2026-09-14T09:24:37Z,0,0,0,1.3,0,0,26.2,852.7,26,25.6,49.6,495,2697,0,0.1,261,0.4,0.4,25.5,18.4,20.2
2026-09-14T09:39:45Z,0,0,0,1.1,0,0,24.2,852.5,24.5,24.1,53.2,465,2422,0,0.5,178,1.3,1.3,24.1,17.8,19
2026-09-14T09:54:54Z,0,0,0,4,0,0,25,852.2,25.4,25.7,49.6,997,8447,0,0,160,0.4,0.4,25.6,18.5,20.2
2026-09-14T10:10:02Z,0,0,0,1,0,0,26.1,851.8,25.8,27,44.4,452,2071,0,1.9,70,3.1,3.1,27.1,18.7,21.3
2026-09-14T10:25:28Z,0,0,0,3.6,0,0,25.8,851.4,25.8,26.6,44.8,923,7564,0,0.8,115,2.5,2.5,26.6,18.5,21
2026-09-14T10:40:46Z,0,0,0,3.7,0,0,26.3,851,26.8,27.2,43.6,942,7799,0,1.3,127,2.6,2.6,27.2,18.8,21.4
2026-09-14T10:56:12Z,0,0,0,3.4,0,0,26.9,850.7,27.1,27.6,43,897,7324,0,1.5,91,2.6,2.6,27.5,19.1,21.7
2026-09-14T11:11:20Z,0,0,0,0.8,0,0,26.7,850.6,27.2,27.5,43,407,1726,0,0,155,0,0,27.4,18.9,21.6
2026-09-14T11:26:29Z,0,0,0,2.2,0,0,26.1,850.4,26.2,26.8,45.3,661,4634,0,0.8,90,2.2,2.2,26.9,18.7,21.2
2026-09-14T11:41:37Z,0,0,0,1.3,0,0,26.9,850.2,26.9,27.7,42.9,503,2811,0,1.3,78,2.2,2.2,27.6,19.1,21.7
2026-09-14T11:56:45Z,0,0,0,2.9,0,0,27.6,850.1,27.6,28.3,41.4,802,6506,0,1,1,2.2,2.2,28,19.3,22
2026-09-14T12:12:21Z,0,0,0,0.8,0,0,27.4,849.8,27.7,28.2,41.4,409,1775,0,1.6,74,3.3,3.3,28,19.3,22
2026-09-14T12:27:21Z,0,0,0,0.8,0,0,25.9,849.6,26.1,26.6,45,396,1627,0,2,86,3.9,3.9,26.5,18.5,20.9
2026-09-14T12:43:18Z,0,0,0,1.8,0,0,27.5,849.5,27.6,28.3,42.6,599,4058,0,1,80,2.2,2.2,28.1,19.5,22.1
2026-09-14T12:58:26Z,0,0,0,1.5,0,0,27.6,849.5,28.1,28.6,41.5,527,3141,0,0.5,144,2,2,28.4,19.6,22.3
2026-09-14T13:13:34Z,0,0,0,0.5,0,0,26.9,849.5,27.2,27.8,42.2,351,1157,0,0.9,75,2,2,27.7,19.1,21.8
2026-09-14T13:28:43Z,0,0,0,0.5,0,0,25.9,849.6,26.1,26.4,44.7,349,1130,0,1.3,91,2.6,2.6,26.3,18.3,20.8
2026-09-14T13:44:11Z,0,0,0,0.4,0,0,26.5,849.5,26.8,27.2,43,334,1014,0,0.9,126,2.4,2.4,27.2,18.7,21.4
2026-09-14T13:59:20Z,0,0,0,0.3,0,0,25.5,849.7,25.7,25.9,45.8,312,748,0,0.3,129,0.7,0.7,25.9,18.1,20.4
2026-09-14T14:14:29Z,0,0,0,0.4,0,0,25.6,849.5,25.8,26,45.5,327,962,0,0.7,79,1.5,1.5,25.9,18.1,20.5
2026-09-14T14:29:37Z,0,0,0,0.3,0,0,25.5,849.7,25.7,25.9,45.5,323,905,0,0.8,86,2.6,2.6,25.9,18.1,20.4
2026-09-14T14:44:45Z,0,0,0,0.2,0,0,25.4,849.7,25.5,25.8,46.1,292,558,0,0.5,97,2.2,2.2,25.7,18,20.3
2026-09-14T14:59:54Z,0,0,0,0.1,0,0,24.9,850.1,25,25.2,46.8,280,433,0,0.9,137,1.7,1.7,25.1,17.7,19.8
2026-09-14T15:15:15Z,0,0,0,0.1,0,0,24.5,850.3,24.6,24.8,47.9,268,312,0,0.6,70,1.7,1.7,24.7,17.5,19.5
2026-09-14T15:30:24Z,0,0,0,0,0,0,24,850.4,24.2,24.4,48.6,262,263,0,0.8,136,1.7,1.7,24.2,17.2,19.1
2026-09-14T15:45:32Z,0,0,0,0,0,0,23.8,850.5,23.9,24.1,49.5,260,254,0,0.3,124,0.9,0.9,24,17.1,18.9
2026-09-14T16:00:41Z,0,0,0,0,0,0,23.8,850.7,23.9,24.1,48.9,260,253,0,0.1,138,0.9,0.9,24,17,18.9
2026-09-14T16:15:50Z,0,0,0,0,0,0,23.8,850.7,23.9,24,49,260,252,0,0.4,144,1.1,1.1,23.9,17,18.9
2026-09-14T16:31:18Z,0,0,0,0,0,0,23.7,850.9,23.8,24,49.2,262,253,0,1.1,166,2.2,2.2,23.8,17,18.8
2026-09-14T16:46:27Z,0,0,0,0,0,0,23.2,850.9,23.3,23.5,51.9,261,254,0,1.2,129,2.8,2.8,23.4,17,18.5
2026-09-14T17:01:36Z,0,0,0,0,0,0,22.6,851.1,22.8,23,54.3,260,254,0,1.6,174,2.4,2.4,22.8,16.9,18
2026-09-14T17:17:35Z,0,0,0,0,0,0,22.1,851.4,22.3,22.5,56,260,253,0,0.5,162,1.1,1.1,22.4,16.7,17.6
2026-09-14T17:32:44Z,0,0,0,0,0,0,21.8,851.6,21.9,22.1,57.4,261,253,0,1.3,150,2.4,2.4,22,16.6,17.3
2026-09-14T17:47:53Z,0,0,0,0,0,0,21.4,851.8,21.6,21.8,58.8,259,253,0,1.5,156,4.1,4.1,21.6,16.4,17
2026-09-14T18:03:30Z,0,0,0,0,0,0,21.1,852,21.2,21.4,60.1,260,254,0,0.4,112,1.3,1.3,21.3,16.3,16.7
2026-09-14T18:18:39Z,0,0,0,0,0,0,20.8,852.3,20.9,21.1,61.3,261,254,0,1,171,2,2,21,16.2,16.5
2026-09-14T18:33:47Z,0,0,0,0,0,0,20.5,852.3,20.7,20.9,62.5,258,254,0,0.9,110,1.7,1.7,20.7,16.1,16.2
2026-09-14T18:48:55Z,0,0,0,0,0,0,20.1,852.5,20.2,20.5,63.8,259,254,0,1.8,160,3.3,3.3,20.4,16,15.9
2026-09-14T19:04:04Z,0,0,0,0,0,0,20,852.6,20.2,20.4,64.3,261,253,0,0.1,93,0.4,0.4,20.2,15.9,15.8
2026-09-14T19:19:25Z,0,0,0,0,0,0,19.6,852.9,19.8,20,65.8,260,253,0,0.9,177,2,2,19.9,15.8,15.5
2026-09-14T19:34:33Z,0,0,0,0,0,0,19.3,852.9,19.6,19.8,67.4,260,253,0,0.2,169,0.9,0.9,19.6,15.7,15.2
2026-09-14T19:49:42Z,0,0,0,0,0,0,19.1,853.2,19.2,19.5,68.8,260,253,0,0,169,0.2,0.2,19.4,15.7,15
2026-09-14T20:05:31Z,0,0,0,0,0,0,18.8,853.4,19,19.2,70.2,260,253,0,0.5,99,0.9,0.9,19.1,15.6,14.8
2026-09-14T20:20:39Z,0,0,0,0,0,0,18.5,853.4,18.7,18.9,72.1,261,254,0,0,167,0,0,18.8,15.5,14.5
2026-09-14T20:35:48Z,0,0,0,0,0,0,18.2,853.3,18.4,18.7,73.6,259,254,0,0.2,154,0.7,0.7,18.6,15.5,14.3
2026-09-14T20:50:57Z,0,0,0,0,0,0,18.1,853.4,18.2,18.4,74.6,259,254,0,0.3,95,0.9,0.9,18.4,15.4,14.1
2026-09-14T21:06:06Z,0,0,0,0,0,0,18.1,853.4,18.2,18.4,74.8,260,252,0,0.5,179,1.5,1.5,18.3,15.4,14
2026-09-14T21:21:30Z,0,0,0,0,0,0,18.1,853.2,18.2,18.5,74.8,259,253,0,0.4,175,1.1,1.1,18.4,15.4,14.1
2026-09-14T21:36:39Z,0,0,0,0,0,0,18,853.2,18.1,18.4,75.2,261,253,0,0,121,0.2,0.2,18.4,15.4,14.1
2026-09-14T21:52:38Z,0,0,0,0,0,0,17.9,853.1,18.1,18.3,75.9,260,253,0,0.2,132,0.9,0.9,18.2,15.4,13.9
2026-09-14T22:07:48Z,0,0,0,0,0,0,17.8,853,18,18.2,76.3,260,254,0,0.2,161,0.7,0.7,18.2,15.4,13.9
2026-09-14T22:22:57Z,0,0,0,0,0,0,17.8,852.9,17.9,18.2,76.8,260,254,0,0.5,93,1.1,1.1,18.1,15.4,13.8
2026-09-14T22:38:07Z,0,0,0,0,0,0,17.8,852.5,17.9,18.1,77,261,253,0,0,93,0,0,18.1,15.4,13.8
2026-09-14T22:53:35Z,0,0,0,0,0,0,17.5,852.5,17.6,17.9,78.3,259,253,0,0.5,72,0.7,0.7,17.9,15.4,13.6
2026-09-14T23:08:44Z,0,0,0,0,0,0,17.3,852.4,17.5,17.8,79.3,260,252,0,0.6,83,0.9,0.9,17.7,15.3,13.5
2026-09-14T23:23:52Z,0,0,0,0,0,0,17.3,852.1,17.4,17.7,80.4,260,252,0,0.3,76,0.7,0.7,17.7,15.4,13.4
2026-09-14T23:39:01Z,0,0,0,0,0,0,17.2,852.1,17.4,17.7,81.9,261,254,0,0.2,90,0.9,0.9,17.7,15.5,13.4
2026-09-14T23:54:10Z,0,0,0,0,0,0,17.1,852,17.2,17.5,83.1,261,254,0,0.4,86,0.7,0.7,17.5,15.5,13.3
2026-09-15T00:00:33Z,0,0,0,0,0,0,17.1,851.9,17.2,17.5,83.4,261,254,0,0.3,88,0.7,0.7,17.5,15.6,13.3
2026-09-15T00:15:42Z,0,0,0,0,0,0,17,851.9,17.1,17.4,84.2,260,253,0,0.3,67,0.7,0.7,17.4,15.5,13.2
2026-09-15T00:30:50Z,0,0,0,0,0,0,16.9,851.9,17,17.3,85,259,253,0,0.8,94,1.5,1.5,17.3,15.5,13.1
2026-09-15T00:46:00Z,0,0,0,0,0,0,16.6,851.8,16.8,17.1,85.8,260,254,0,0.5,94,0.9,0.9,17.1,15.4,12.9
2026-09-15T01:01:09Z,0,0,0,0,0,0,16.6,851.9,16.6,17,86.2,260,254,0,0.4,15,1.1,1.1,17,15.3,12.7
2026-09-15T01:16:36Z,0,0,0,0,0,0,16.6,851.9,16.7,17,85.9,260,254,0,0,112,0,0,17,15.3,12.8
2026-09-15T01:31:44Z,0,0,0,0,0,0,16.6,851.9,16.7,17,85.3,259,253,0,0,134,0,0,16.9,15.2,12.7
2026-09-15T01:46:53Z,0,0,0,0,0,0,16.5,852,16.6,16.9,84.9,261,254,0,0,112,0,0,16.9,15.1,12.7
2026-09-15T02:02:02Z,0,0,0,0,0,0,16.5,852.1,16.6,16.9,84.9,261,253,0,0,112,0,0,16.9,15.1,12.6
2026-09-15T02:17:11Z,0,0,0,0,0,0,16.5,852,16.7,16.9,84.8,260,254,0,0,112,0,0,16.9,15.1,12.7
2026-09-15T02:32:39Z,0,0,0,0,0,0,16.5,852,16.6,16.9,84.8,260,255,0,0.7,105,1.1,1.1,16.8,15.1,12.6
2026-09-15T02:47:48Z,0,0,0,0,0,0,16.5,852.1,16.6,16.9,84.8,260,253,0,0,103,0,0,16.8,15.1,12.6
2026-09-15T03:03:13Z,0,0,0,0,0,0,16.6,852.2,16.7,17,84.8,260,253,0,0.5,149,0.9,0.9,17,15.2,12.7
2026-09-15T03:18:39Z,0,0,0,0,0,0,16.7,852.3,16.8,17.1,84.6,262,259,0,0,149,0,0,17.1,15.3,12.9
2026-09-15T03:33:49Z,0,0,0,0,0,0,16.7,852.5,16.8,17.1,84.5,261,265,0,0,149,0.4,0.4,17.1,15.3,12.9
2026-09-15T03:48:58Z,0,0,0,0,0,0,16.6,852.6,16.8,17,85,264,297,0,0.1,149,0.4,0.4,17,15.3,12.8
2026-09-15T04:04:07Z,0,0,0,0.1,0,0,16.6,852.8,16.8,17,85,268,341,0,0.3,148,0.9,0.9,17,15.3,12.8
2026-09-15T04:19:16Z,0,0,0,0.1,0,0,16.7,853,16.9,17.1,85.1,274,403,0,0.7,186,1.1,1.1,17.1,15.3,12.9
2026-09-15T04:34:43Z,0,0,0,0.1,0,0,16.8,853.3,17,17.2,85,277,448,0,0.2,186,0.9,0.9,17.2,15.4,13
2026-09-15T04:49:51Z,0,0,0,0.2,0,0,16.8,853.3,17,17.2,85.1,284,511,0,0.3,186,0.7,0.7,17.2,15.5,13
2026-09-15T05:05:00Z,0,0,0,0.2,0,0,16.9,853.5,17.1,17.3,84.5,287,551,0,0.4,185,1.3,1.3,17.3,15.5,13.1
2026-09-15T05:20:09Z,0,0,0,0.2,0,0,17.1,853.6,17.2,17.5,84.1,299,672,0,0.1,185,0.4,0.4,17.5,15.6,13.3
2026-09-15T05:35:18Z,0,0,0,0.3,0,0,17.1,853.9,17.2,17.5,83.7,306,748,0,0.6,169,1.1,1.1,17.5,15.6,13.3
2026-09-15T05:50:47Z,0,0,0,0.3,0,0,17.2,854,17.4,17.7,83.1,306,740,0,0.4,160,1.7,1.7,17.7,15.7,13.4
2026-09-15T06:05:56Z,0,0,0,0.3,0,0,17,854.1,17.2,17.5,83.7,323,929,0,0.3,95,1.1,1.1,17.5,15.6,13.2
2026-09-15T06:21:05Z,0,0,0,0.3,0,0,17.2,854.2,17.4,17.7,83,319,890,0,0.6,101,1.4,1.4,17.7,15.7,13.4
2026-09-15T06:36:14Z,0,0,0,0.5,0,0,17.4,854.4,17.6,17.9,81.6,344,1143,0,0.4,71,1.3,1.3,17.8,15.7,13.6
2026-09-15T06:51:23Z,0,0,0,0.3,0,0,17.6,854.3,17.8,18.1,81.5,323,910,0,0,96,0.2,0.2,18.1,15.8,13.8
2026-09-15T07:06:50Z,0,0,0,0.4,0,0,17.9,854.4,18.1,18.3,80.8,335,1022,0,0,95,0.2,0.2,18.3,16,14
2026-09-15T07:21:59Z,0,0,0,0.3,0,0,17.9,854.4,18.1,18.4,80,323,900,0,0.3,95,1.1,1.1,18.4,16,14.1
2026-09-15T07:37:08Z,0,0,0,0.2,0,0,17.7,854.4,17.8,18.2,80.6,302,681,0,0.7,137,1.7,1.7,18.1,15.8,13.9
2026-09-15T07:52:17Z,0,0,0,0.2,0,0,18,854.3,18.2,18.5,80.3,305,697,0,0.5,76,1.5,1.5,18.5,16.1,14.2
2026-09-15T08:07:26Z,0,0,0,0.3,0,0,17.8,854.2,18,18.3,81,314,792,0,1.2,125,2.2,2.2,18.3,16,14
2026-09-15T08:22:54Z,0,0,0,0.2,0,0,17.3,854.2,17.5,17.8,83.2,301,683,0,0.6,100,1.1,1.1,17.8,15.8,13.5
2026-09-15T08:38:03Z,0,0,0,0.5,0,0,17.2,854.1,17.4,17.7,84.1,345,1145,0,1.1,143,1.5,1.5,17.7,15.8,13.5
2026-09-15T08:53:12Z,0,0,0,0.5,0,0,17.7,853.9,17.8,18.1,82,343,1100,0,0.8,129,1.3,1.3,18.1,15.9,13.8
2026-09-15T09:08:21Z,0,0,0,0.4,0,0,17.4,853.7,17.6,18,82.4,334,1048,0,0.7,100,1.3,1.3,18,15.9,13.7
2026-09-15T09:23:30Z,0,0,0,0.3,0,0,17.9,853.7,18.1,18.4,82.1,311,806,0,1.2,75,1.7,1.7,18.4,16.2,14.1
2026-09-15T09:38:40Z,0,0,0,0.3,0,0,17.3,853.4,17.6,17.8,84.9,322,894,0,0.2,194,0.7,0.7,17.8,16,13.6
2026-09-15T09:54:05Z,0,0,0,0.3,0,0,17.3,853.1,17.5,17.7,85.1,315,837,0,0.2,100,1.1,1.1,17.7,15.9,13.5
2026-09-15T10:09:14Z,0,0,0,0.5,0,0,17.5,852.8,17.8,17.9,83.2,354,1261,0,0.9,159,1.7,1.7,17.9,15.9,13.6
2026-09-15T10:24:22Z,0,0,0,0.6,0,0,18.3,852.7,18.4,18.7,80.4,376,1508,0,0.4,73,1.1,1.1,18.7,16.3,14.4
2026-09-15T10:39:31Z,0,0,0,0.6,0,0,18.4,852.6,18.6,18.9,78.8,359,1321,0,0,93,0.2,0.2,18.9,16.3,14.5
2026-09-15T10:55:15Z,0,0,0,0.6,0,0,18.6,852.2,18.8,19.2,76.9,376,1518,0,0.1,91,0.4,0.4,19.2,16.4,14.8
2026-09-15T11:10:23Z,0,0,0,0.9,0,0,18.7,852.1,19,19.1,76.2,428,2085,0,0.4,179,0.7,0.7,19.1,16.2,14.8
2026-09-15T11:25:32Z,0,0,0,1,0,0,19.3,852,19.7,19.8,73.6,448,2302,0,0.1,175,0.4,0.4,19.8,16.6,15.4
2026-09-15T11:42:09Z,0,0,0,1,0,0,20.3,851.7,20.5,20.7,69.9,453,2343,0,0.3,94,0.9,0.9,20.7,16.9,16.2
2026-09-15T11:57:17Z,0,0,0,0.6,0,0,20.2,851.7,20.5,20.7,69.4,377,1516,0,0.5,98,1.3,1.3,20.7,16.9,16.2
2026-09-15T12:13:11Z,0,0,0,0.5,0,0,19.7,851.5,20.1,20.2,70.7,348,1216,0,0,182,0.2,0.2,20.2,16.6,15.7
2026-09-15T12:28:20Z,0,0,0,0.4,0,0,19.9,851.4,20.1,20.3,69.8,340,1113,0,0.8,161,2,2,20.3,16.6,15.8
2026-09-15T12:44:14Z,0,0,0,0.3,0,0,20.1,851.4,20.2,20.5,69,322,919,0,0,161,0,0,20.4,16.6,15.9
2026-09-15T12:59:23Z,0,0,0,0.3,0,0,20.1,851.3,20.3,20.5,68,305,729,0,0.2,174,0.9,0.9,20.5,16.5,16
2026-09-15T13:14:32Z,0,0,0,0.2,0,0,20,851.3,20.2,20.4,68.4,293,609,0,0.3,97,0.9,0.9,20.4,16.5,15.9
2026-09-15T13:29:40Z,0,0,0,0.2,0,0,20.2,851.3,20.4,20.6,67.8,295,643,0,0,97,0,0,20.5,16.6,16
2026-09-15T13:45:09Z,0,0,0,0.2,0,0,20.3,851.2,20.5,20.7,66.7,287,547,0,0,98,0,0,20.7,16.5,16.1
2026-09-15T14:00:17Z,0,0,0,0.1,0,0,20.3,851.3,20.4,20.7,66.4,280,479,0,0.7,131,2,2,20.6,16.5,16.1
2026-09-15T14:15:25Z,0,0,0,0.1,0,0,20,851.5,20.1,20.5,72,278,455,0,0,18,0,0,20.5,17,16
2026-09-15T14:30:34Z,0,0,0,0.1,0,0,19.6,851.4,19.8,20.1,73.6,269,344,0,0,95,0.2,0.2,20.1,16.8,15.6
2026-09-15T14:45:42Z,0,0,0,0,0,0,19.5,851.5,19.6,19.9,75.2,265,293,0,0.1,95,0.4,0.4,19.9,16.8,15.4
2026-09-15T15:01:18Z,0,0,0,0,0,0,19.2,851.7,19.3,19.6,76.1,264,287,0,0.1,95,0.4,0.4,19.6,16.7,15.2
2026-09-15T15:16:27Z,0,0,0,0,0,0,19.1,851.8,19.3,19.5,76.7,263,269,0,0.3,95,1.1,1.1,19.5,16.7,15.1
2026-09-15T15:31:35Z,0,0,0,0,0,0,19.1,851.8,19.2,19.4,77.1,261,256,0,0,95,0,0,19.4,16.6,15.1
2026-09-15T15:47:21Z,0,0,0,0,0,0,19,852,19.1,19.3,77.6,260,255,0,0,95,0,0,19.3,16.6,15
2026-09-15T16:02:29Z,0,0,0,0,0,0,18.9,851.9,19,19.3,77.8,260,254,0,0,95,0.2,0.2,19.3,16.5,14.9
2026-09-15T16:17:37Z,0,0,0,0,0,0,18.9,851.9,19,19.2,77.8,260,254,0,0.1,95,0.4,0.4,19.2,16.5,14.9
2026-09-15T16:32:46Z,0,0,0,0,0,0,18.8,851.9,18.9,19.1,77.4,261,252,0,0.3,91,1.1,1.1,19.1,16.4,14.8
2026-09-15T16:47:55Z,0,0,0,0,0,0,18.7,852.1,18.8,19.1,77.6,261,254,0,0.7,66,1.1,1.1,19.1,16.3,14.7
2026-09-15T17:03:19Z,0,0,0,0,0,0,18.6,852.1,18.8,19,78,260,254,0,0.1,77,0.4,0.4,19,16.3,14.6
2026-09-15T17:18:28Z,0,0,0,0,0,0,18.6,852.3,18.7,18.9,77.9,260,254,0,0.6,68,1.3,1.3,18.9,16.2,14.6
2026-09-15T17:33:37Z,0,0,0,0,0,0,18.5,852.5,18.7,18.9,77.3,260,253,0,0,67,0.2,0.2,18.9,16.1,14.5
2026-09-15T17:48:45Z,0,0,0,0,0,0,18.6,852.6,18.8,19,74.6,260,253,0,0,98,0.2,0.2,18.9,15.9,14.6
2026-09-15T18:03:54Z,0,0,0,0,0,0,18.6,852.9,18.8,19,74.5,258,252,0,0,64,0,0,18.9,15.9,14.6
2026-09-15T18:19:23Z,0,0,0,0,0,0,18.6,853.1,18.8,19,74.6,260,254,0,0,66,0.4,0.4,18.9,15.9,14.6
2026-09-15T18:34:32Z,0,0,0,0,0,0,18.6,853,18.8,19,74.8,261,254,0,0.2,91,0.7,0.7,18.9,15.9,14.6
2026-09-15T18:49:41Z,0,0,0,0,0,0,18.6,853.1,18.8,19,74.8,260,254,0,0,84,0.4,0.4,18.9,15.9,14.6
2026-09-15T19:04:50Z,0,0,0,0,0,0,18.6,853.4,18.8,18.9,75.1,260,253,0,0.2,91,0.4,0.4,18.9,15.9,14.6
2026-09-15T19:19:58Z,0,0,0,0,0,0,18.5,853.4,18.6,18.9,75.6,260,254,0,0,91,0,0,18.8,15.9,14.5
2026-09-15T19:35:25Z,0,0,0,0,0,0,18.4,853.5,18.6,18.8,76.3,261,253,0,0,92,0.4,0.4,18.8,15.9,14.4
2026-09-15T19:50:34Z,0,0,0,0,0,0,18.2,853.6,18.4,18.6,77.8,258,255,0,0.6,175,1.7,1.7,18.6,16,14.3
2026-09-15T20:05:42Z,0,0,0,0,0,0,18.2,853.8,18.3,18.5,78.6,261,254,0,0.4,140,1.3,1.3,18.5,16,14.2
2026-09-15T20:20:50Z,0,0,0,0,0,0,18,853.8,18.2,18.4,79.3,259,254,0,0.3,191,0.9,0.9,18.4,15.9,14.1
2026-09-15T20:35:58Z,0,0,0,0,0,0,17.8,853.8,18.1,18.3,80.2,260,255,0,0.7,148,1.5,1.5,18.3,15.9,14
2026-09-15T20:51:06Z,0,0,0,0,0,0,17.7,853.6,17.9,18.1,80.9,259,254,0,0,96,0,0,18.1,15.8,13.8
2026-09-15T21:06:28Z,0,0,0,0,0,0,17.8,853.5,17.9,18.1,80.8,259,253,0,0,195,0.2,0.2,18.1,15.8,13.8
2026-09-15T21:21:36Z,0,0,0,0,0,0,17.7,853.2,17.9,18,80.8,259,252,0,1.1,182,2.2,2.2,18,15.7,13.7
2026-09-15T21:36:44Z,0,0,0,0,0,0,17.6,853,17.8,18,81.3,260,253,0,1.1,177,2,2,17.9,15.7,13.7
2026-09-15T21:51:52Z,0,0,0,0,0,0,17.5,852.9,17.6,17.9,81.3,259,253,0,0.7,169,2,2,17.9,15.7,13.6
2026-09-15T22:07:00Z,0,0,0,0,0,0,17.3,852.8,17.4,17.7,82.1,262,254,0,0.1,97,0.4,0.4,17.7,15.6,13.5
2026-09-15T22:22:09Z,0,0,0,0,0,0,17.2,852.6,17.3,17.6,82.8,260,253,0,0,219,0.4,0.4,17.6,15.6,13.3
2026-09-15T22:37:31Z,0,0,0,0,0,0,17.2,852.5,17.4,17.6,83,261,253,0,0.1,96,0.7,0.7,17.6,15.5,13.3
2026-09-15T22:52:40Z,0,0,0,0,0,0,17.1,852.4,17.2,17.5,83.4,261,253,0,0.7,78,1.3,1.3,17.5,15.5,13.2
2026-09-15T23:07:48Z,0,0,0,0,0,0,17,852.4,17.2,17.5,84,262,253,0,1.2,136,2.2,2.2,17.4,15.5,13.2
2026-09-15T23:22:56Z,0,0,0,0,0,0,16.7,852.3,16.9,17.1,84.5,259,253,0,0.4,148,1.1,1.1,17.1,15.3,12.9
2026-09-15T23:38:04Z,0,0,0,0,0,0,16.5,852.4,16.7,17,84.9,260,253,0,0.1,100,0.2,0.2,17,15.2,12.7
2026-09-15T23:53:12Z,0,0,0,0,0,0,16.4,852.3,16.5,16.8,85.6,260,253,0,0.1,100,0.4,0.4,16.8,15.1,12.6
